ID_CODE;NOME;CIDADE;UF;IDADE;TELEFONE;CARGO;EMPRESA
ID858001;Maria Vitória Costela;Novaes do Campo;São Paulo;77;51 8766 1608;Capelão;Carvalho
ID798899;Beatriz Rocha;Moraes;Maranhão;60;+55 (084) 1135 0346;Laboratorista;Jesus
ID228628;Vitor Pires;Sousa da Serra;Paraíba;26;0500-034-7000;Corretor da bolsa de valores;Silva da Costa - EI
ID836289;Theo Camargo;Azevedo;Ceará;35;11 1897 6212;Laboratorista;Pacheco Porto - ME
ID580926;Thiago Camargo;Sousa do Norte;Roraima;77;(061) 9571 2854;Profissional de tecnologia de laticínios;Oliveira - EI
ID656106;Sr. Yan Mendes;Vieira de Goiás;Mato Grosso;52;+55 (071) 5371 4089;Jardineiro;Abreu Vasconcelos S.A.
ID920854;Srta. Ester Costela;Aragão do Sul;Espírito Santo;60;(031) 9239 4602;Arquiteto;Fogaça
ID731735;Luiza Novais;Araújo;Rondônia;60;+55 11 8243-3198;Técnico em rede;Castro
ID476570;Sr. Cauê Souza;Costela;Tocantins;69;21 9461 2823;Instrumentista musical;Pastor
ID390423;Maria Júlia Rodrigues;Guerra do Amparo;Mato Grosso;52;(031) 7262-7039;Dublador;Aparecida
ID545195;Ryan Alves;Freitas dos Dourados;Pará;20;0800 950 9878;Meeiro;Leão
ID148745;Isadora Caldeira;Vasconcelos;Rio Grande do Norte;38;+55 (021) 5768-2122;Engenheiro de transportes;Araújo Garcia S/A
ID225524;Carolina Sampaio;Alves de Goiás;Mato Grosso do Sul;75;+55 (081) 5773 0931;Radiooperador de vôo;Aragão
ID212576;Laura Moreira;Fogaça de Cardoso;Amazonas;59;21 7584 7211;Sargento;Caldeira
ID502082;Davi Aragão;Castro;Amazonas;54;(061) 0600 1316;Astrólogo;da Conceição Câmara Ltda.
ID506052;Bernardo Vasconcelos;Fernandes do Amparo;Acre;27;+55 61 6253 6171;Dentista;da Luz
ID913020;Ana Vitória Cassiano;Castro;Sergipe;25;(051) 4558-8093;Tecnólogo em negócios imobiliários;Novaes
ID474979;Gabriel Rodrigues;Marques;Amazonas;41;(061) 0288 6693;Tapeceiro;Brito
ID993114;Isaac Duarte;Ramos;Rondônia;75;(011) 3185-1556;Cortador de cana-de-açucar;Rodrigues
ID658007;Dr. Isaac Andrade;Farias;Amazonas;73;+55 (081) 3249 4810;Engenheiro acústico;Pinto
ID207471;Esther Almeida;Santos;Roraima;42;+55 41 0458-9344;Contramestre em transporte marítimo;Moraes
ID498869;Thiago da Conceição;Montenegro do Amparo;Mato Grosso;54;+55 41 8149 0309;Militar da Aeronáutica;Pimenta
ID910555;Sara Gonçalves;Vasconcelos das Pedras;Rondônia;77;(084) 1023-5496;Psiquiatra;Monteiro
ID783118;Dr. Luigi Campos;Jesus da Praia;Paraná;21;(071) 7976-0755;Jóquei;Carvalho Oliveira - ME
ID163153;Emanuella Aragão;da Rosa de Leão;Santa Catarina;56;+55 (084) 0034-6963;Especialista em agronegócios;Viana
ID273534;Gabriel Cardoso;Fernandes de Goiás;Alagoas;68;+55 41 4934 6889;Zelador;Souza e Filhos
ID504426;Yago Araújo;Ferreira;Amazonas;63;+55 (061) 8333-5481;Comerciante;Guerra
ID843026;Stella Pacheco;Souza;Amazonas;21;+55 (071) 5420 0900;Protético dentário;Martins Moraes S.A.
ID578350;Sr. Liam Melo;Pires dos Dourados;Distrito Federal;21;+55 (041) 9450 6095;Fisiculturista;Rezende
ID739011;Aurora Barbosa;Gomes;São Paulo;27;(051) 9638-8819;Investigador de Polícia;Carvalho
ID560114;Pedro Henrique Cavalcanti;Costa;Rio de Janeiro;47;+55 81 8339-3793;Tecnólogo em esporte e lazer;das Neves
ID839817;Dr. Antônio Rios;Nascimento;Santa Catarina;24;+55 11 2495-0795;Profissional de educação física;Sá
ID134654;Caio Aparecida;Alves;Rio Grande do Norte;56;+55 84 0063-7541;Assistente de câmera;Pinto - EI
ID779755;Marina Viana;Silveira;Minas Gerais;30;+55 (084) 2447 8107;Passador;Camargo Barros - ME
ID481003;Larissa da Mota;Siqueira do Sul;Alagoas;43;21 8035-0468;Biomédico;Novaes
ID988559;Sr. Felipe Cirino;Cavalcanti do Campo;Piauí;72;61 3585-6951;Panificador/Padeiro;Sales
ID517106;Lucas Gabriel Camargo;da Costa;Roraima;60;0300-979-3630;Letrista;Teixeira Camargo - EI
ID995650;Nathan Fernandes;Costa do Galho;Acre;43;71 5326 7195;Profissional de recursos humanos;Marques
ID563202;Rafaela Azevedo;Nunes de da Mata;Goiás;35;+55 (051) 8735-3891;Veterinário;Teixeira S.A.
ID179108;Samuel Peixoto;Marques das Flores;Pernambuco;40;+55 (041) 1201-6284;Conferente de recebimento;Melo
ID202783;Sr. Daniel da Conceição;da Paz;Rio Grande do Norte;38;+55 (051) 5962 7218;Policial militar;Nogueira
ID337102;Bárbara Silveira;Correia;Paraná;50;71 6370-3214;Governanta;Sousa
ID594948;Théo da Mota;Nogueira;Rio Grande do Norte;65;+55 81 7736-1108;Jogador de futebol;da Rocha - EI
ID902601;Ana Julia Guerra;da Paz;São Paulo;71;(061) 6636 5073;Assistente de câmera;Viana Lopes e Filhos
ID936772;Marcelo da Costa;Novaes;Tocantins;25;51 1877 0651;Caça-talentos/Olheiro;Pinto
ID521296;Nina Sousa;Lopes;Piauí;53;(041) 9710-1513;Promotor de eventos;Andrade
ID595652;Yuri da Cruz;Andrade;Amapá;48;84 4945 8752;Astrônomo;Azevedo
ID243978;Gabriel da Rosa;da Mota Alegre;Sergipe;41;41 7754 2023;Lubrificador de máquinas;Cavalcanti
ID367230;Rodrigo Albuquerque;Macedo;Tocantins;25;51 2239 8283;Afiador de ferramentas;Costa
ID112878;Benjamim Melo;Brito;Espírito Santo;63;+55 (041) 9438 9957;Editor;Sá
ID118104;Fernanda Rios;Freitas;Alagoas;62;0900 268 7490;Toxicologista;Freitas
ID257503;Luiz Miguel Porto;Lopes;Santa Catarina;52;+55 (041) 8798 3398;Peixeiro;Brito e Filhos
ID734384;Guilherme Machado;Rodrigues;Paraíba;53;+55 51 5500 8173;Auxiliar de serviços gerais;Cavalcanti
ID236883;Isabelly Cardoso;Fogaça da Praia;Espírito Santo;38;(084) 3251-2809;Estatístico;Pinto S/A
ID891020;Nicolas Dias;Costa;Amazonas;23;+55 (011) 9865-4445;Odontologista preventivo e social;da Rosa
ID789886;Nathan Siqueira;Leão dos Dourados;Santa Catarina;44;+55 (011) 8262 6298;Administrador de banco de dados DBA;Araújo
ID410473;Mariana Ferreira;da Mata das Flores;Amazonas;47;(071) 0511-2179;Eletricista;Pimenta
ID471078;Bruno Rios;Borges de Carvalho;Alagoas;31;+55 (061) 2796-0678;Ambulante;Rocha
ID483129;Alícia Viana;Mendonça;Rio de Janeiro;43;(011) 4866-1044;Compositor;Nogueira
ID858454;Maria Clara Leão;Oliveira de Brito;Amapá;35;+55 (061) 7727-8815;Profissional de cinema;Cavalcante
ID927280;Giovanna Barros;das Neves;Alagoas;39;+55 (011) 3520-8544;Embaixador;Pinto - EI
ID472512;Isabel Gonçalves;Gonçalves de Barros;Rio Grande do Norte;64;+55 (021) 9466-7302;Engenheiro de processos;Silva - EI
ID973929;Pietro Andrade;Fonseca Paulista;Minas Gerais;65;0500-697-2584;Degustador;Alves S.A.
ID891403;Vitória Montenegro;Rocha Grande;Rio Grande do Sul;29;(011) 1823-8660;Jogador de tênis de mesa;Ribeiro Ltda.
ID946975;Guilherme Mendes;Aparecida;Piauí;77;(061) 5973 2381;Quitandeiro;da Conceição Rodrigues - EI
ID426184;Dra. Sara Viana;Aragão de Moreira;Rio Grande do Norte;29;71 4509 0300;Pedicure;Aragão S/A
ID719204;Dr. João da Conceição;Andrade;Pará;20;+55 (021) 0419-7490;Gestor de qualidade;Duarte Araújo S.A.
ID339018;Luna Brito;Pacheco Paulista;Goiás;69;81 8103-8353;Produtor musical;Brito
ID644898;Heitor Cunha;Rodrigues do Galho;Mato Grosso do Sul;75;(031) 9801 9565;Ambientalista;Ribeiro Novaes Ltda.
ID694002;Sophie Garcia;Vieira do Sul;Tocantins;38;+55 61 8740 9961;Militar do Exército;Ribeiro
ID539565;Dra. Isadora Costela;Abreu da Mata;Rondônia;69;+55 (011) 2884 7505;Gastroenterologista;Mendes
ID267116;Marina Jesus;Peixoto;Rio Grande do Sul;52;+55 84 7959-2379;Tenista;Pereira - ME
ID498346;Juliana Cirino;da Mota;Mato Grosso;62;(051) 2608-7865;Árbitro e mediador;Vieira
ID318215;Ravy Carvalho;Pereira de Ramos;Pará;53;11 2617 3239;Guincheiro;Aparecida Marques S/A
ID731482;Luna Vargas;Moura da Prata;Roraima;23;(031) 6988 9903;Fotógrafo;da Mata - EI
ID211501;Davi Lucas Moura;Pereira;Acre;31;(031) 2058 1622;Leão de chácara;Correia
ID320779;Thiago da Mota;Rezende de Minas;Piauí;53;(084) 1102-5905;Fonoaudiólogo;Guerra S/A
ID643939;Cecília Novaes;Macedo Alegre;Amazonas;40;(041) 0302-0159;Traumatologista;Fogaça - EI
ID705344;Vinicius Nogueira;Fernandes;Mato Grosso;57;31 0976 4351;Senador;Porto
ID599622;Sra. Maria Liz Sales;Vargas da Serra;Rio de Janeiro;45;0800 531 8646;Funileiro;Guerra
ID571598;Ana Sophia Ferreira;Sousa;Bahia;71;71 8227 1226;Profissional de comércio exterior;Ferreira - EI
ID649464;Larissa Cavalcanti;Pastor;Roraima;65;+55 71 0847 5427;Acompanhante;Jesus S/A
ID346824;Allana Rios;Pereira das Flores;Paraná;43;+55 51 6586 8655;Profissional de efeitos especiais;Abreu
ID161540;Ana Júlia Santos;da Rocha do Sul;Pernambuco;61;11 4116 5446;Quadrinista;Caldeira Ltda.
ID245377;Matheus da Conceição;Cassiano;Sergipe;58;11 7990 2836;Técnico em segurança do trabalho;Nogueira
ID850753;Ísis Campos;Vieira de Rodrigues;Roraima;67;21 2221 0764;Adestrador de animais;Silveira
ID983046;Sofia Barbosa;Castro de Rocha;Distrito Federal;66;71 3897-8509;Comerciante;Cavalcanti S.A.
ID932941;Sra. Maria Vitória Moreira;da Luz;Rio de Janeiro;55;+55 21 4155 8019;Instalador de painéis;Santos
ID877581;Sophia Nascimento;Lopes da Prata;Amazonas;58;11 7697 6003;Geriatra;Vieira Duarte S.A.
ID965963;Hellena Marques;da Paz do Sul;Acre;32;(031) 2710 4570;Músico;Sales
ID905976;Sabrina Lima;Araújo de Pinto;Rio de Janeiro;44;+55 61 7313-1380;Coordenador;Carvalho
ID936297;Letícia Abreu;Martins dos Dourados;Mato Grosso do Sul;73;(084) 1979-4477;Psicólogo;Ribeiro
ID350905;Levi da Conceição;Gomes;Piauí;50;+55 (071) 5058 6571;Diretor de produção;Aparecida
ID359968;Rhavi Nunes;Nascimento Verde;Santa Catarina;44;+55 (031) 8968 6122;Porteiro;Aparecida
ID819229;Júlia Sousa;Garcia;Bahia;29;+55 (081) 2006 5894;Engenheiro ambiental;Farias
ID216895;Emanuella Carvalho;Nascimento;Mato Grosso do Sul;33;+55 (081) 8801-5990;Especialista em agronegócios;das Neves Cavalcanti - ME
ID777432;Aylla Mendonça;Cunha;Bahia;28;61 3262-6677;Pedagogo;Porto Ltda.
ID674198;Bernardo Brito;Gonçalves;Alagoas;22;+55 84 4341-4157;Editor;Ferreira
ID343759;Srta. Luiza Moraes;da Luz;Pernambuco;66;+55 31 4963-7311;Administrador de redes;Sales
ID245417;Elisa Pires;da Luz de Cavalcante;Rio Grande do Norte;74;+55 81 2712-2955;Profissional de cinema;Barbosa Câmara e Filhos
ID885625;Stella Sales;Mendonça;Distrito Federal;66;+55 11 0360 0337;Engenheiro agrícola;Costela - EI
ID802597;Vitor Hugo Nunes;Porto das Pedras;Rio Grande do Norte;28;+55 41 6089 1995;Policial militar;Pimenta - EI
ID523586;Dr. Davi Fonseca;Moura;Tocantins;58;+55 31 0886-8608;Arrumadeira;Rezende - EI
ID609027;Emilly Montenegro;Silveira;Pernambuco;77;+55 81 0835 0304;Alpinista;da Paz
ID213459;Sra. Isabella Abreu;da Costa;Rio Grande do Sul;51;+55 (081) 5220 3830;Defensor Público;Pacheco
ID973192;Gabriela Mendonça;Lopes;Santa Catarina;74;0800 864 9800;Camelô;Nascimento
ID314698;Sr. Henry Gabriel Guerra;Correia;Goiás;43;11 0081 5199;Economista;Silveira
ID423856;Heloisa Novaes;Farias;Acre;79;(011) 3590-1609;Seguidor de compras;Santos
ID423687;Danilo Fonseca;Martins;Pernambuco;66;(061) 9152 2490;Baixista;da Rocha e Filhos
ID436694;Giovanna Moura;Moura;Rondônia;30;(041) 7314 4906;Auditor;Castro
ID552991;Sra. Allana Brito;Gomes;Alagoas;34;+55 (051) 3076-2415;Designer de moda;Monteiro
ID699631;José Pedro Pinto;Mendonça;Sergipe;42;+55 81 3885 2949;Zelador;Cassiano
ID910638;Srta. Nina da Paz;Azevedo do Galho;Alagoas;75;0900-337-9093;Vendedor;da Rocha Borges S/A
ID370837;Luiz Felipe Camargo;Montenegro do Galho;Mato Grosso;48;(051) 5112 6570;Designer de produto ou desenhista industrial;Vasconcelos Peixoto S.A.
ID766199;Ravy Abreu;Moreira;Sergipe;70;+55 21 9236-6493;Economista;Pastor Costela - ME
ID908511;Mariah da Cruz;Porto de Goiás;Pará;64;(021) 6133-1615;Estilista;Vargas S.A.
ID396376;Carolina Cavalcante;Rezende de Goiás;Acre;56;+55 (021) 0060-1313;Técnico em óptica;Rios Pimenta S/A
ID949991;Mateus Caldeira;Pimenta de Freitas;Pernambuco;35;+55 (081) 0834-5917;Administrador de redes;Camargo
ID844202;Juliana da Costa;Costa;Tocantins;58;51 2726 5761;Dançarino;Alves Gomes e Filhos
ID958950;Carlos Eduardo Campos;Cunha do Amparo;Bahia;39;(021) 8980-8904;Guincheiro;da Mota da Rosa S/A
ID157508;Bernardo Silveira;Novaes de Mendes;Acre;75;(081) 1267 5918;Fisiculturista;Jesus
ID264248;Luiz Miguel Borges;Rezende;Acre;44;+55 (061) 6229-4171;Endodontista;Caldeira S.A.
ID864619;Ana Júlia Marques;Câmara;Acre;74;(051) 9204 4395;Engenheiro cartográfico;Nunes Nunes S/A
ID213540;Sarah Rocha;Moura do Campo;Paraíba;48;51 8640 6433;Jogador de futebol;da Costa da Mota e Filhos
ID234605;Rebeca Peixoto;Souza;Roraima;54;81 4368-0593;Consultor;Santos Aparecida Ltda.
ID156995;Melissa da Mota;Correia do Oeste;Espírito Santo;24;+55 81 9307-8558;Bioquímico;Moraes
ID326030;Ravi Rodrigues;Vasconcelos de Goiás;Paraíba;77;+55 21 5399-9378;Operador de vídeo;Albuquerque
ID544838;Dr. Gustavo Correia;da Mata;Paraíba;44;(084) 0920-9325;Engenheiro de produção agroindustrial;Novais e Filhos
ID754599;Théo Alves;Moraes;Goiás;26;(041) 2785 6106;Manobrista;Nunes
ID544519;Felipe Rios;Peixoto;Amapá;39;(031) 9642-8770;Frentista;Rodrigues
ID690896;Luiz Felipe Correia;Rocha de Castro;Rondônia;37;0800 425 0852;Ginasta artística;Montenegro
ID212228;Enrico Pimenta;Silveira;Rio Grande do Sul;58;+55 81 5950-4121;Assistente de direção;Sales
ID203192;Esther da Mota;Carvalho de Garcia;Rondônia;47;(041) 7482 2373;Radiooperador de vôo;da Costa
ID162825;Sr. Theodoro Andrade;Costa da Serra;Sergipe;52;+55 11 9618-6893;Babá;Rocha - EI
ID887576;Sra. Alícia Santos;das Neves;Tocantins;45;(061) 6028 6778;Escritor;Moura S/A
ID949818;Camila Lopes;Azevedo;Mato Grosso do Sul;59;+55 (081) 1866-8111;Instalador de painéis;Rios Souza S/A
ID498437;Maria Luiza Almeida;Duarte;Mato Grosso;79;0500-791-1381;Balconista;Freitas Dias - ME
ID694405;Ryan Ramos;Castro;Minas Gerais;64;+55 (061) 1297-9131;Mensageiro;Rezende
ID217806;Leonardo Aragão;Sales da Serra;Amapá;54;+55 11 9585-1397;Instrumentador cirúrgico;Melo
ID201984;Ayla Barros;Fonseca;Amazonas;34;(061) 1042 6205;Endocrinologista;Nunes
ID642743;André Mendes;Castro Verde;Acre;76;(084) 4030 0141;Técnico em segurança do trabalho;Andrade Teixeira Ltda.
ID858227;Ana Julia Pereira;Correia de Rios;Roraima;48;+55 84 6814-6481;Jogador de badminton;Novais
ID905166;Otto Dias;Peixoto;Pará;35;61 2480-0634;Torneiro mecânico;Teixeira Cassiano e Filhos
ID129894;Clara Carvalho;Silva;Tocantins;23;(031) 1116 7019;Modelista;Duarte Casa Grande Ltda.
ID942456;Maria Flor Rodrigues;Silva das Pedras;Paraíba;40;0500-620-1179;Nefrologista;da Mata S/A
ID552351;Laís Oliveira;Sá;Paraná;23;51 6813 2647;Engenheiro de horticultura;Vargas Silva S/A
ID594728;Alexia Pinto;Gomes;Rio Grande do Norte;57;41 2476-8330;Contador;Pires
ID933085;Lavínia Cassiano;Monteiro;Pará;24;+55 41 2196 1925;Engenheiro de supply chain ou logística;Sousa
ID239521;Ravy Farias;Martins;Amapá;78;+55 (051) 4989 2844;Aeronauta;Novais
ID753025;Maria Vitória da Luz;Souza;Paraíba;33;+55 (011) 3877-3419;Ortoptista;Cavalcante Ltda.
ID536109;Sr. Benício Pastor;Cavalcanti de Guerra;Rio de Janeiro;42;(071) 1800 1323;Co-piloto;Borges
ID949080;Maria Cecília Ribeiro;Cardoso de da Rosa;Rio de Janeiro;37;0500-828-5160;Sexólogo;Pastor - EI
ID520072;Rodrigo Aparecida;Sampaio do Galho;Rondônia;66;0800-296-3678;Engenheiro de som;Caldeira e Filhos
ID917027;Arthur Gabriel Moreira;Fernandes Paulista;Amapá;51;61 4046 0304;Tecnólogo em tecnologia da madeira;Carvalho Brito - EI
ID694014;Júlia Lopes;da Paz de Fonseca;Maranhão;35;(061) 7681 2928;Militar da Aeronáutica;Marques Novaes S.A.
ID724465;Henry Freitas;Fernandes de Silva;Rio Grande do Norte;60;(041) 4838-5596;Assessor de imprensa;Pimenta
ID615643;Valentina Lopes;Pimenta do Galho;Rondônia;33;(031) 0045 0315;Psicopedagogo;Araújo
ID628771;Fernando da Luz;Almeida;Tocantins;66;(071) 1796 1834;Pára-quedista;Alves Ltda.
ID161704;Henry Souza;Carvalho do Galho;São Paulo;35;+55 (061) 7797 3745;Marinheiro;Borges
ID569626;Maria Julia Almeida;da Conceição Alegre;Paraná;69;(081) 1246-3198;Profissional de hotelaria;Sales Souza - EI
ID893420;Laura Montenegro;Araújo;Pará;66;+55 (084) 8570-1811;Office-boy;Melo
ID932158;Rael Pacheco;Cardoso;Tocantins;20;(061) 5247-4834;Lanterneiro;Duarte Macedo S.A.
ID476804;Erick Abreu;Cavalcante;Acre;68;11 4829-1272;Físico;Dias
ID177357;Srta. Bruna Moreira;Lima das Flores;Ceará;57;+55 (084) 4907 8667;Lavador;Lima
ID198213;Ravy Correia;Fonseca;Goiás;58;51 3381 3748;Engenheiro de computação;Moraes Jesus S.A.
ID939108;Isaque Alves;Brito da Prata;Espírito Santo;59;84 8847-6446;Profissional de informática;Silveira Porto S.A.
ID165853;Marcela Nogueira;da Luz;Espírito Santo;47;+55 (041) 6056 9917;Jornalista;Carvalho
ID604709;Heloísa Sousa;Cassiano de Andrade;Santa Catarina;31;0300 794 2296;Engenheiro metalúrgico;Vargas da Mota - EI
ID710073;Gabriel Andrade;da Costa da Mata;Acre;65;+55 (051) 5919-1348;Policial federal;Leão Macedo S.A.
ID118913;Isabela Farias;Leão da Serra;Bahia;67;0900 836 4898;Jogador de badminton;da Mata - EI
ID756414;João Carvalho;Ribeiro;Distrito Federal;31;+55 41 6956 6830;Coreógrafo;Fernandes Pimenta S/A
ID666101;Pedro Lucas Ramos;Teixeira;Pará;56;+55 (031) 9264 8496;Advogado;da Luz Barbosa S.A.
ID936529;Sabrina Albuquerque;Montenegro de Alves;Paraná;48;+55 11 9981-2388;Garçom;da Cruz
ID311314;Arthur Miguel Nunes;Abreu;Paraná;49;0800-863-0907;Separador;Nogueira
ID586945;Caio Silva;Fogaça Paulista;Rio de Janeiro;60;+55 (031) 4329 7051;Ortodontista;Moura Monteiro - EI
ID969598;Asafe Oliveira;Cirino da Serra;Espírito Santo;61;21 0408 6173;Jangadeiro;Aparecida
ID331107;Ana Farias;Andrade Verde;Goiás;79;+55 (084) 0686-5684;Angiologista;Rocha Borges - EI
ID780885;Sr. Leonardo Novais;Montenegro;Alagoas;36;(021) 7143-7553;Panfleteiro;Pacheco e Filhos
ID748995;Eduardo Fernandes;Sales;Alagoas;56;+55 (021) 0752 8053;Engenheiro acústico;Novais
ID728266;Dra. Amanda Barros;Nascimento de Albuquerque;Distrito Federal;65;(081) 6518-4146;Agrônomo;Souza
ID707539;Ravy Correia;Oliveira;Amazonas;36;21 4346 4255;Encarregado de manutenção predial;Barbosa Moura S/A
ID379738;Fernanda Rios;Almeida;Goiás;64;+55 31 9528-1045;Embalsamador;Cavalcante - EI
ID134702;Marcela Cirino;Vargas;Mato Grosso do Sul;70;+55 71 2334-0925;Sexólogo;da Paz Carvalho S.A.
ID970948;Joaquim Jesus;Freitas das Flores;Paraná;71;(071) 2389 6952;Fresador;Fernandes
ID710220;Antônio Nogueira;Silva do Oeste;Rio Grande do Norte;33;+55 31 3126 9088;Perito judicial;Porto
ID693240;Dr. Breno Andrade;Martins do Galho;Espírito Santo;59;71 5688-4085;Sushiman;Pires
ID306084;Gael Lima;Barbosa;Maranhão;36;+55 61 6975 4880;Almirante;Peixoto
ID703953;Fernanda Marques;Siqueira de Siqueira;Pará;76;+55 41 5662 4558;Arranjador musical;Nascimento
ID657508;Léo Abreu;Pacheco Verde;Amapá;43;(061) 2001-4051;Metalúrgico;das Neves Rios e Filhos
ID316833;Alexandre Carvalho;Jesus;Acre;22;84 8523 3762;Epidemiólogo;da Luz
ID331150;Alana Alves;Rodrigues Alegre;Roraima;41;0800 344 4375;Naturólogo;Peixoto
ID243496;Maria Julia Macedo;Pastor dos Dourados;Ceará;38;+55 61 5441-8407;Recreador;Pacheco
ID454539;Sra. Mariana Sampaio;Pinto da Praia;Amazonas;50;+55 84 8913 2760;Diplomata;Campos
ID873346;Melina Cirino;Barros;Goiás;55;41 8005 8587;Papiloscopista;Azevedo
ID687857;Ayla Siqueira;Campos;Rio Grande do Sul;33;+55 (031) 6851 2752;Preparador de máquinas;Peixoto - EI
ID781972;Dra. Antonella Sousa;Lima;Goiás;63;(031) 1361-0959;Engenheiro de segurança do trabalho;Sousa
ID125400;Thiago Mendonça;Melo;Tocantins;34;+55 81 2210 3768;Jóquei;Vieira - EI
ID887075;Nathan Moraes;Souza Verde;Amazonas;47;+55 (041) 0981-3111;Guincheiro;Gonçalves S/A
ID695992;Kamilly da Costa;Vieira do Oeste;Goiás;24;+55 31 2946 5112;Engenheiro de computação;Pires da Rocha Ltda.
ID408412;Ana Vargas;Pires do Norte;Sergipe;60;81 1858 2762;Cartógrafo;Pastor e Filhos
ID620662;Kamilly Teixeira;Guerra;Mato Grosso;59;(084) 3135 0380;Confeiteiro;Jesus
ID936609;Srta. Emanuelly Freitas;Barbosa;Rio de Janeiro;50;41 5538-4063;Agente comunitário de saúde;Pastor
ID893159;Giovanna Viana;Sales de Brito;Santa Catarina;27;(021) 0030-0333;Prensista;Farias Ltda.
ID880842;Lucas Gabriel Souza;Abreu de Pires;Rio de Janeiro;74;(071) 7810-7066;Ambientalista;Lima e Filhos
ID723505;Davi Sales;Sampaio;Ceará;29;+55 (051) 2995-9928;Sexólogo;da Cunha S/A
ID590834;Maria Isis Fernandes;Mendonça;Amapá;27;+55 (084) 5624 3498;Tecnólogo em produção Sucroalcooleira;Monteiro
ID188973;Beatriz Carvalho;Pereira;Mato Grosso do Sul;20;+55 21 6811 9883;Manicure;Correia
ID246778;João Guilherme Jesus;Monteiro de Minas;Maranhão;41;(021) 7368-2917;Figurante;da Mota Nascimento S.A.
ID755769;Bárbara Lopes;Fogaça;Distrito Federal;80;(051) 2366 3963;Montador de negativos;Siqueira
ID811925;Joaquim Costa;Pimenta;Ceará;34;(021) 0254-1912;Odontopediatra;Costa e Filhos
ID454003;João Miguel Ramos;Rezende;Mato Grosso;21;+55 71 9218-9795;Representante comercial;Gomes
ID995209;Ravi das Neves;Ribeiro;Rio de Janeiro;31;+55 11 5272 5200;Quadrinista;Melo S.A.
ID798703;José Lima;Duarte;Bahia;42;31 5882-0393;Profissional de relações públicas;Borges Gonçalves S/A
ID714741;Ana Liz Moraes;Pires da Serra;Bahia;45;+55 21 8616 7328;Pedagogo;Fonseca
ID899965;Bento Silva;Jesus;Ceará;70;(081) 4927 1800;Tecnólogo em tecnologia da madeira;Peixoto
ID772335;Sarah Correia;Fonseca do Oeste;Rio de Janeiro;59;(071) 0209 6728;Maquinista;Montenegro
ID401485;Davi Luiz Sampaio;Novais;Santa Catarina;66;+55 71 6308 2098;Mágico;da Cunha
ID687558;Dr. Noah Silveira;Cavalcante de Goiás;Alagoas;29;+55 41 1303 6294;Nutrologista;Oliveira - EI
ID951529;Hadassa Souza;Castro;Amazonas;56;(041) 9390 3749;Marechal;da Conceição - EI
ID840621;Erick Porto;Jesus Verde;Santa Catarina;42;(084) 6371-7896;Terapeuta Holístico;Fonseca - EI
ID307423;Dr. Luiz Henrique Azevedo;Rocha de Santos;Santa Catarina;63;0800-705-1211;Engenheiro de produto ou produção;Melo e Filhos
ID711745;Caleb Rios;Costa;Rio de Janeiro;77;+55 61 4061 7583;Grafologista;Cassiano
ID294254;Marina Abreu;Sousa dos Dourados;Acre;69;81 4228-0588;Engenheiro têxtil;Cunha
ID415373;João Gabriel Pinto;Mendonça das Pedras;Distrito Federal;35;0500-962-4129;Ortoptista;Pacheco S.A.
ID713022;Vinicius Fogaça;Sousa;Paraíba;27;+55 61 1437 6502;Aviador;Nogueira
ID533810;Davi Lucas da Rocha;Pires;Alagoas;77;(061) 9878-1426;Intérprete;Garcia - ME
ID483724;Ravi Camargo;da Mata;Pernambuco;80;81 2969 0586;Terapeuta Holístico;Costa S.A.
ID267629;Sr. Davi Lucca Dias;Pacheco das Flores;Tocantins;66;+55 (011) 9082-3063;Ventríloquo;Almeida - ME
ID315518;Isaque Borges;Teixeira do Sul;Acre;32;+55 51 2302 5951;Tecnólogo em desenvolvimento social;Andrade Ltda.
ID514393;Antônio Machado;Costela;Piauí;77;+55 71 7807 0087;Alfaiate;Lopes - ME
ID964666;Nicole Lima;Brito da Prata;Minas Gerais;29;+55 (051) 6002-0345;Locutor;Pires
ID731167;Apollo Campos;Garcia do Norte;Santa Catarina;43;+55 (081) 7663-4870;Operador de telemarketing;Teixeira Moura - EI
ID339481;Maria Luísa Albuquerque;Gonçalves de Pacheco;Rio de Janeiro;54;(084) 2434 2994;Escriturário;da Costa
ID501889;Sr. Arthur Miguel Moraes;Cunha;Roraima;28;51 1010 9718;Profissional de efeitos especiais;Monteiro
ID279064;Davi Souza;Moreira;Amapá;38;+55 (084) 4794 1072;Presidente da República;Almeida
ID251397;José Miguel Campos;Moraes de Guerra;Pará;61;+55 (071) 7612-6177;Cancerologista ou Oncologista;Pereira
ID723102;Dr. Francisco Sampaio;da Mota de Fernandes;Goiás;78;(071) 2474 1977;Neonatologista;Mendes
ID596230;Heloísa Ribeiro;Pinto Verde;Piauí;50;0300-183-2959;Jogador de basquete;da Rocha Lopes - EI
ID711698;Isabella Nascimento;Montenegro;Paraíba;71;81 4975 9916;Fonoaudiólogo;Carvalho
ID914693;Yuri Moura;Albuquerque;Tocantins;60;+55 41 9450-8156;Meteorologista;Ribeiro
ID323898;Ravi Lucca da Mata;Cavalcanti;Mato Grosso do Sul;35;+55 71 4197 0051;Assistente de câmera;Andrade
ID937751;Sr. Pedro Henrique Moraes;Ribeiro de Guerra;Rondônia;45;+55 61 0640-8195;Frentista;Nogueira Monteiro Ltda.
ID409089;Sofia Sampaio;Mendes de Casa Grande;Minas Gerais;52;41 5685-9275;Servente-de-obras;Montenegro - ME
ID957997;Esther Nascimento;Rezende do Sul;Pará;54;0900-783-5715;Educador;Melo
ID784761;Isabel Viana;Cavalcante;Distrito Federal;59;+55 61 3323-2296;Médico cirurgião;Pereira
ID116781;Ana Beatriz Costa;Duarte;Rio Grande do Norte;67;84 0141-8493;Enólogo;Martins
ID290925;Mariah da Rocha;Ramos;Minas Gerais;22;61 2388 2597;Grafologista;Vieira Araújo - ME
ID352000;Maria Julia Viana;Castro;Rio Grande do Norte;36;(081) 3792-8729;Coloproctologista;Marques e Filhos
ID146457;Enzo Gabriel Abreu;Albuquerque;Sergipe;64;+55 71 3719 6736;Ambientalista;da Rosa Fonseca S/A
ID711919;Nicolas Aragão;Cunha;Acre;50;+55 61 2633 4102;Baixista;Machado Novaes e Filhos
ID754894;Sr. Gustavo Henrique Azevedo;Sales;Espírito Santo;49;31 5316 5068;Manicure;Souza
ID261482;Dr. Gael Henrique da Cruz;Cirino;Mato Grosso do Sul;77;(051) 4486-9889;Profissional de reciclagem;da Mota da Conceição e Filhos
ID275696;Raul Cardoso;Pimenta;Piauí;69;61 8708-5905;Rebarbador de metal;da Mata
ID932682;Maria Laura Oliveira;Sousa;Rio Grande do Norte;46;+55 84 2735-4929;Saxofonista;Rodrigues Ltda.
ID337903;Amanda Alves;Pastor Alegre;Rio de Janeiro;75;(061) 6031-0751;Ciclista;Cirino Sales e Filhos
ID781613;Lara Macedo;Silveira dos Dourados;Amazonas;27;(071) 3847-4633;Tenente;Siqueira - EI
ID982387;Renan Câmara;Nascimento;Tocantins;64;+55 (041) 6826 6264;Instrumentista musical;da Luz
ID671311;Sr. Samuel Sá;Araújo de da Rosa;Paraná;39;(031) 7805 8082;Coveiro/Sepultador;Moreira
ID252646;Maria Helena Campos;Costa de Cavalcante;Tocantins;77;(061) 3594-1288;Musicoterapeuta;Cardoso - ME
ID131033;Lucas Gabriel Cunha;Moreira;Rio Grande do Sul;48;+55 71 2199 3170;Pescador;Fogaça
ID604085;Sr. Pedro Henrique Casa Grande;Correia do Norte;Roraima;71;(031) 4458 6920;Cozinheira;Teixeira S.A.
ID378683;Marcelo Brito;Gomes do Oeste;Ceará;76;+55 84 2788 5588;Terapeuta Holístico;Dias S.A.
ID867809;João Câmara;Brito;Maranhão;35;(081) 9639-6830;Moldureiro;Fonseca - ME
ID752784;Ana Liz Aparecida;Montenegro;Acre;57;0800-454-7869;Arquivista;Abreu
ID947324;Letícia Cavalcanti;Vieira;Amapá;49;21 3611-5037;Juiz de direito;Montenegro
ID849031;Mirella Freitas;Costa;Rondônia;52;+55 71 8846-4626;Violonista;Moraes Ltda.
ID685996;Sra. Maria Castro;da Mota de Sales;Rio Grande do Sul;71;+55 21 8931 4675;Desembargador de justiça;da Costa
ID210688;Yasmin Teixeira;Sales;Distrito Federal;54;84 8703 8913;Musicoterapeuta;Almeida Campos - ME
ID623883;Theo Ferreira;Freitas das Flores;Paraíba;31;+55 (011) 4100 9987;Museólogo;Nogueira
ID418072;Anna Liz Andrade;Cardoso;Mato Grosso;79;+55 (051) 0876 8605;Controlador de vôo;Moura Barros - EI
ID169990;Davi da Cunha;da Rocha;Alagoas;35;(051) 1764-8592;Técnico de gesso;Melo
ID506407;Marcela Sá;da Costa;Mato Grosso;73;(071) 3959-6663;Técnico em aviação;Cirino
ID168538;Brenda Mendonça;Pinto da Praia;Mato Grosso do Sul;80;+55 (031) 6959-8357;Cientista;Fernandes
ID885168;Benicio da Paz;Barbosa dos Dourados;Rio de Janeiro;49;(084) 1486-3954;Administrador público;da Mota Martins S.A.
ID783861;Ana Clara Campos;Caldeira de Monteiro;Pará;21;0900 169 3056;Estampador de tecidos;Pereira S.A.
ID727494;Dr. Pedro Miguel Costela;Camargo da Mata;Alagoas;20;(084) 4098 8585;Tecnólogo em processos químicos;Melo S/A
ID982814;Anthony Gabriel Teixeira;Barbosa de Gonçalves;Goiás;41;+55 (051) 6957-1481;Astronauta;Dias Viana - ME
ID297462;Luna Porto;Pimenta;Amapá;66;0500-564-4502;Geradorista;Pimenta - ME
ID944871;Kamilly da Mata;Sales da Serra;Piauí;56;+55 81 2742-7964;Psicomotricista;da Luz
ID368147;Pedro Borges;Oliveira;Alagoas;56;+55 81 7774-5961;Restaurador;Macedo S/A
ID503974;Agatha Costela;Sales;Rio Grande do Norte;26;+55 (071) 0844 2678;Comerciante;da Cunha - EI
ID617810;Miguel Fonseca;Novais;Goiás;63;71 8416 7386;Flanelinha;Nascimento Cassiano S.A.
ID418507;Bruna Albuquerque;Barbosa;Distrito Federal;74;(021) 3359 8277;Bombeiro;Mendes
ID316927;Diogo Sales;da Mota;Maranhão;29;(081) 1118-7349;Caminhoneiro;Rocha Ltda.
ID633199;Mathias Aparecida;Guerra do Norte;Paraíba;61;+55 51 0112 3845;Sushiman;Martins S/A
ID733085;Stephany Pires;Fonseca da Serra;Alagoas;46;31 6061-3254;Perfumista;Cavalcante
ID556442;Isabelly Caldeira;Rios da Praia;Rio Grande do Sul;32;0300 201 7562;Coloproctologista;da Rosa Ltda.
ID712421;Kamilly Almeida;Monteiro;Maranhão;59;(011) 3463 3670;Cobrador de ônibus;Porto
ID650659;José Miguel Novais;Nogueira;Santa Catarina;70;0900-624-8723;Contábil;Pires Lopes Ltda.
ID237954;Srta. Aylla da Costa;Leão;Mato Grosso;54;0500-201-0294;Tesoureiro;Silveira e Filhos
ID401872;Sr. Thiago da Conceição;Fernandes;Acre;62;(011) 6438-4441;Salgadeira;Vargas
ID760729;Giovanna Castro;Dias da Serra;Mato Grosso do Sul;24;+55 71 0005 6862;Panfleteiro;Camargo
ID850405;Kevin Vasconcelos;Dias;Roraima;37;(031) 8019 0824;Taxista;Novaes Pereira - EI
ID852322;Mathias da Cruz;Fogaça;Goiás;71;+55 (071) 9549-7034;Datilógrafo;Cunha Ltda.
ID274990;Sr. Anthony Gabriel Oliveira;Campos;Piauí;26;+55 (071) 5833-0002;Caldeireiro;da Conceição Sousa e Filhos
ID813335;Alice Pimenta;Almeida;Amapá;26;41 7624 3205;Tecnólogo em rochas ornamentais;Teixeira
ID946105;Luiz Fernando Cavalcanti;Abreu dos Dourados;Distrito Federal;52;31 5919 4095;Cirurgião bucal;Ferreira
ID482507;Arthur Gabriel Rezende;Mendes das Flores;Ceará;76;+55 81 5264 1978;Pecuarista;Peixoto
ID116591;Camila Rezende;Câmara;Maranhão;63;+55 (021) 6489-8888;Telefonista;Freitas
ID214166;Stella da Cunha;Sousa do Campo;Piauí;64;(071) 7542-1941;Caminhoneiro;Costela
ID682533;Samuel Mendonça;Garcia;Distrito Federal;48;+55 (011) 2128 2228;Montador;Aparecida
ID271415;Kevin Ramos;Leão;Piauí;60;11 2659 4112;Gastrônomo;Dias
ID279693;Alice Barros;Montenegro;Mato Grosso do Sul;34;+55 61 8713-5578;Leiloeiro;Pacheco
ID201873;Carolina Moreira;Rezende;Tocantins;30;+55 (071) 0182 0102;Apresentador;Rocha
ID303333;Apollo da Conceição;Aragão do Campo;Goiás;51;+55 (011) 9861 0642;Metalúrgico;da Conceição
ID243829;José Pedro Azevedo;Siqueira;Rio Grande do Sul;69;0900 142 9521;Síndico;Dias Alves - ME
ID539087;Theo Caldeira;da Rosa de Minas;Rio de Janeiro;64;71 2669 3324;Físico nuclear;Nunes - ME
ID569662;Juan Costela;Freitas;Tocantins;73;+55 51 2576 3372;Lutador de jiu-jitsu;da Costa - ME
ID277968;Vinícius Cirino;da Costa da Serra;Santa Catarina;51;(084) 1532-9537;Ator;Nogueira
ID406040;Danilo Casa Grande;Borges Paulista;Rondônia;61;+55 (051) 4491 8504;Pecuarista;Almeida Pimenta e Filhos
ID336355;Sofia Sá;Andrade;São Paulo;25;11 0305 3030;Lancheiro;Alves Viana Ltda.
ID998069;Yago da Rosa;Viana;Goiás;32;+55 71 9897-3822;Mergulhador;da Paz Costela e Filhos
ID318800;Ana Clara Moura;Duarte;São Paulo;35;81 9214 7830;Operador de telemarketing;Correia S.A.
ID130488;Felipe Melo;Dias de Costela;Ceará;52;(081) 7156 3361;Treinador;Viana
ID335484;Igor Pimenta;Ribeiro;Rio Grande do Sul;55;41 6077-6876;Artista/Técnico em espetáculos de diversões;Duarte
ID788544;Sra. Sara das Neves;Monteiro;Amazonas;43;(061) 6785 2750;Conferente de expedição;Moura
ID781531;João Miguel Campos;Dias do Amparo;Ceará;60;(021) 8103-4893;Economista;Azevedo - ME
ID683472;Juliana Silveira;Aparecida;Acre;69;+55 (011) 5618 6372;Assistente social;da Costa
ID570753;Gabriela Cirino;Fonseca;Minas Gerais;25;(011) 2460-9507;Bioquímico;Pereira
ID728602;Sra. Bruna Aparecida;Viana;Distrito Federal;72;51 0261 7197;Conferente de carga e descarga;Abreu
ID599392;Diogo Ribeiro;Montenegro;Paraná;70;0300 474 1909;Presidente da República;Cavalcante
ID511851;Luiz Gustavo Rios;da Mota do Campo;Alagoas;33;0900 921 2785;Zelador;Camargo
ID732874;Brayan Cavalcanti;Albuquerque;Espírito Santo;26;+55 (081) 3948 4805;Instrumentista musical;da Luz
ID585002;Nicolas Almeida;Mendonça da Mata;Goiás;44;+55 84 2972 0535;Odontopediatra;Cassiano
ID243413;Heitor Pastor;da Mata;Espírito Santo;34;0500-176-4095;Economista doméstico;Costela
ID548415;Mariah Castro;Jesus das Pedras;Santa Catarina;52;+55 61 2815 2361;Capoeirista;Gomes S.A.
ID669131;Caleb Jesus;Rodrigues;Tocantins;27;+55 (051) 6511 9125;Aeronauta;Pastor
ID227914;Ágatha Leão;Pimenta de da Rosa;Amapá;78;+55 (051) 0133 2856;Assistente de produção;Sá Barbosa S.A.
ID261903;Ana da Mota;Melo;Pará;46;+55 (021) 2167 9230;Nefrologista;Casa Grande
ID155222;Miguel Machado;Teixeira das Pedras;Acre;80;31 6623 7352;Servente-de-obras;Silveira e Filhos
ID583186;Oliver da Rosa;Souza do Amparo;Alagoas;46;+55 (081) 1029 1472;Mãe social;Câmara
ID897374;Maria Julia Barros;Montenegro;Minas Gerais;53;+55 11 3997 3445;Almoxarife;da Mata
ID996559;Maya Montenegro;Nogueira de Minas;Mato Grosso do Sul;22;84 6963-9149;Assessor de imprensa;Nunes - ME
ID905643;Catarina Camargo;da Mota de Abreu;Pará;40;+55 (071) 6470-9146;Transcritor;Nunes S/A
ID385490;Murilo Rocha;Lima;São Paulo;57;(071) 7822-8449;Leiloeiro;Ferreira
ID984463;Agatha Santos;Monteiro;Paraná;73;(081) 0980-1141;Engenheiro aeronáutico;Lima S.A.
ID140336;Ana Liz Macedo;da Luz de Guerra;Maranhão;75;+55 11 8197-0940;Agrimensor;Freitas Ltda.
ID847215;Dr. Benício Jesus;Rezende da Mata;Pará;78;+55 84 0102 5759;Recreador;Pastor
ID912724;Srta. Agatha Cavalcanti;Macedo;Paraíba;41;31 3625-1625;Conferente de carga e descarga;Castro
ID754911;Giovanna Vieira;da Mata;Mato Grosso;69;+55 (071) 7793-4263;Consultor;Barros Fogaça Ltda.
ID361768;Davi Lucas Ferreira;Azevedo;Tocantins;46;+55 (041) 4450-1852;Montador de negativos;Souza
ID648513;Ana Vitória Lima;Cavalcanti de Goiás;Distrito Federal;69;(041) 7295-6086;Artista de circo;Teixeira Ltda.
ID922009;Oliver Abreu;Garcia da Mata;Roraima;21;61 8921 6110;Contábil;da Rocha Vasconcelos e Filhos
ID316741;Clara Sales;Dias das Pedras;Rio de Janeiro;28;84 7947-0776;Taxidermista/Embalsamador;Silva Azevedo - ME
ID425968;Carolina Peixoto;da Rosa;Goiás;74;+55 61 4349-6065;Agente comunitário de saúde;Barbosa Correia e Filhos
ID393358;Dr. Felipe Fernandes;Pimenta;Amazonas;37;61 7824 6103;Engenheiro de produto ou produção;Peixoto
ID242522;Henrique Mendes;Lima Alegre;Espírito Santo;57;(011) 7731-0343;Guincheiro;Novaes S.A.
ID515934;Bárbara Novais;Castro;Tocantins;50;0800 524 1856;Editor de mesa de corte;Sá
ID240279;Luísa Souza;Garcia;Pará;38;0900-225-6031;Ambulante;Sousa
ID835665;Antony Peixoto;da Luz;Amapá;30;(051) 1367-9396;Fotógrafo;Alves Machado S/A
ID480009;Isadora Fogaça;da Paz;Mato Grosso;73;+55 21 8577 7178;Eletricista;Gonçalves - EI
ID928553;Clarice Ferreira;Vargas;Roraima;58;(071) 8562 4048;Tecnólogo em desenvolvimento social;Cardoso e Filhos
ID401766;Heloísa Cavalcanti;Correia;Mato Grosso do Sul;21;(071) 9946 6390;Profissional de linguística;Costela S.A.
ID183679;Renan da Mota;Caldeira das Flores;Mato Grosso;62;+55 (061) 3337 1284;Topógrafo;Albuquerque S.A.
ID718019;Luiz Gustavo Vasconcelos;Correia;Minas Gerais;29;+55 84 2523-5453;Tradutor;Fogaça
ID432105;João Guilherme Lima;Macedo;Minas Gerais;37;51 3018 7117;Surfista;Albuquerque
ID397859;Leonardo Ramos;Farias;Distrito Federal;40;(071) 5378-8034;Controlador de vôo;Nunes
ID554484;Murilo Pimenta;Teixeira do Campo;Alagoas;65;(041) 0692-7496;Cerimonialista;Martins
ID286694;Renan Albuquerque;Fonseca;Tocantins;33;+55 41 1330-5937;Síndico;da Luz
ID180066;Ana Cecília Fonseca;Brito do Galho;Bahia;38;21 0707-2363;Camelô;Ramos - EI
ID605982;Dra. Alexia Vieira;Dias;Paraná;50;+55 (084) 5278-6053;Assistente social;Azevedo
ID515342;Ana Cecília Novais;Oliveira do Galho;Goiás;54;+55 81 9981-3570;Militar da Aeronáutica;Silveira S/A
ID802929;Dr. Dante Andrade;da Mota de Moura;Alagoas;78;0300 118 0648;Eletricista de automóveis;Pinto
ID347672;Josué Vieira;Viana Paulista;Mato Grosso;46;41 0926 4208;Dançarino;da Rosa
ID303452;João Pedro Novaes;Fogaça Grande;Amapá;62;(011) 5145-7916;Apicultor;Macedo Ltda.
ID867789;Thales Ribeiro;Aragão;Mato Grosso do Sul;21;0300-129-7024;Armeiro;Moraes Sampaio S/A
ID119708;Alice da Luz;Freitas Verde;Rondônia;25;(081) 8545 6713;Protesista;Ferreira
ID833787;Marcelo Moraes;Cunha;Rio Grande do Sul;69;0500 995 0519;Recepcionista;Pacheco
ID353046;Isaac Campos;Pereira;Tocantins;78;+55 (071) 6913-4204;Assistente de direção;Rezende
ID712128;Nina Santos;Montenegro do Galho;Bahia;69;+55 (071) 4433 7275;Transportador;Santos
ID833912;Nathan Monteiro;Camargo das Flores;Paraíba;26;+55 31 4042-6684;Guincheiro;Martins
ID603073;Amanda Ramos;Sousa;Ceará;58;(051) 4769-2314;Astrólogo;Freitas - EI
ID692708;Ravy Novaes;Vargas;Paraná;42;21 5049 4193;Intérprete;Fernandes Cavalcante - ME
ID128318;Henrique Fernandes;Cardoso;Bahia;25;(061) 8266-2345;Atuário;Fernandes
ID505234;Yago Fonseca;Cardoso;Mato Grosso;46;0800-075-6332;Guincheiro;Farias - EI
ID532377;José Pedro Sousa;Aparecida do Galho;Pará;44;+55 11 1746 8570;Aviador;Macedo S.A.
ID166359;Raul das Neves;Pimenta;Santa Catarina;43;(011) 3351 8952;Intérprete de Bíblias;Lopes da Luz S.A.
ID774937;Dr. Cauê Costa;Aragão das Flores;Goiás;56;+55 (061) 7511-4438;Plastimodelista;Siqueira
ID962626;Maria Luiza da Rosa;Marques de Guerra;Amapá;25;+55 84 4024-4597;Oftalmologista;Barros da Rosa Ltda.
ID780103;Cecília Leão;Vargas Alegre;Espírito Santo;22;+55 (071) 4749 5718;Político;da Paz
ID696099;Breno Freitas;Andrade de Lopes;Pará;28;0800 232 7090;Vigilante noturno/diurno;Marques
ID771568;Bruna Gomes;Barbosa;Rio Grande do Norte;66;+55 61 0572 3256;Engenheiro de aquicultura;Machado
ID773695;Vinícius Mendes;Caldeira;Roraima;78;+55 (084) 3114 3873;Sacoleira;Garcia e Filhos
ID776431;Luan Novais;Ribeiro;Santa Catarina;79;(021) 4094 0690;Policial federal;Alves das Neves S.A.
ID854168;Sra. Natália Nascimento;Nunes;Tocantins;66;+55 (041) 9742 0740;Terapeuta Holístico;Leão
ID217281;Maria Julia Rios;Almeida do Oeste;Sergipe;47;+55 (081) 1137 8333;Preparador de máquinas;Moraes
ID865725;Stella da Conceição;Cassiano;Espírito Santo;62;+55 (061) 9736-7586;Educador;Ribeiro - ME
ID815574;Davi Lucas Farias;Nascimento do Sul;Ceará;70;+55 (031) 8336-9451;Taxista;Borges Ltda.
ID996428;Caroline da Luz;Gonçalves;Santa Catarina;55;+55 (041) 8851 2257;Escritor;Mendonça
ID646932;Marcelo Macedo;Pimenta Alegre;Distrito Federal;33;(041) 1361-1987;Continuista;Mendonça
ID397393;Luiz Otávio Pereira;Nunes dos Dourados;Paraíba;30;0800-332-4558;Odontologista preventivo e social;Gomes Albuquerque S/A
ID361411;Bella Mendonça;Câmara;Bahia;47;(011) 5867 9662;Educador integrado à saúde pública;Jesus
ID171732;Pedro Mendonça;Peixoto das Flores;Bahia;26;0800-589-1514;Estilista;Lopes
ID316683;Otto Abreu;Teixeira;Rio Grande do Norte;57;+55 (081) 4888-0755;Embalsamador;Teixeira
ID919968;Caleb Siqueira;Cavalcante;Maranhão;48;71 2612-7851;Carpinteiro;Fogaça
ID232703;Dra. Yasmin Montenegro;Sá Grande;Amapá;37;+55 (031) 2340-1469;Retificador;da Mata - ME
ID120282;Cauê Novais;Mendonça dos Dourados;Distrito Federal;58;(031) 8151-7004;Profissional de hotelaria;Ferreira
ID798527;Sr. Thales Costela;Montenegro de Santos;Tocantins;74;+55 (081) 2243 3599;Cerimonialista;Almeida
ID509764;João Aparecida;Santos;Distrito Federal;49;+55 81 1536-6666;Empregado doméstico;Campos S/A
ID747375;Manuela da Mata;Brito Alegre;Rio Grande do Sul;64;31 6376 3136;Endocrinologista;da Mota S/A
ID565528;Isaac Santos;da Rosa do Oeste;Pará;52;(084) 2059-5882;Leão de chácara;Aragão Ramos S/A
ID920827;Bianca Silveira;Guerra;Ceará;61;11 0224 7059;Ombudsman;Andrade - ME
ID487110;Camila Nunes;Vieira;Maranhão;48;(051) 1488 6316;Portuário;Rezende Ltda.
ID954074;Benício Fernandes;Moreira;Rio Grande do Norte;68;11 0289 6156;Ambulante;Sousa
ID812016;Srta. Heloisa Barbosa;Cunha;Mato Grosso;61;+55 41 9260 6928;Leão de chácara;das Neves
ID170041;Dr. José Silveira;Freitas;Rio de Janeiro;61;+55 (084) 2908 3134;Deputado;Nogueira Fogaça - EI
ID661607;Kamilly Cunha;Freitas de Pimenta;Acre;55;+55 (041) 8314 0814;Leão de chácara;Melo
ID594744;Dr. Vitor Hugo Oliveira;Câmara;São Paulo;24;(021) 7899 6709;Amolador de ferramentas;Gonçalves da Mata S.A.
ID583966;Hellena Novaes;Garcia de Goiás;Acre;39;0300 276 1403;Profissional de rádio e tv;Siqueira
ID607985;Benjamin da Cunha;Moura da Mata;Maranhão;56;51 6551 7806;Físico;Montenegro S/A
ID448137;Isaque Pimenta;Correia;Roraima;71;0900-426-1736;Hostess;das Neves
ID845731;Ryan Pereira;Viana Verde;Mato Grosso do Sul;42;41 3453-1929;Engenheiro industrial;Novaes da Mota Ltda.
ID449056;Dante Leão;Rocha de Pires;Rio Grande do Norte;80;+55 61 8825-6142;Lactarista hospitalar;Macedo
ID910701;Marcela da Luz;Rocha da Prata;Rondônia;79;0900 612 3461;Arrumadeira;Porto
ID519076;Sr. João Guilherme Nogueira;Santos de Araújo;Pernambuco;31;+55 41 0971 9440;Vereador;Freitas e Filhos
ID868142;Srta. Maria Fernanda Casa Grande;Pacheco de Goiás;Paraíba;72;0800 718 2760;Florista;Vargas
ID288424;Dra. Juliana Correia;Rios;Tocantins;20;+55 61 6936-5233;Governador;Viana Rodrigues S/A
ID448356;Srta. Ana Sousa;Correia;Goiás;68;+55 41 5139-4819;Meredeira;Rocha
ID327273;Juan Nogueira;Castro da Mata;Pernambuco;36;+55 (071) 5036-8423;Tecnólogo em produção moveleira;Pimenta e Filhos
ID270091;Sr. Vitor Gabriel da Cunha;Rezende do Sul;Sergipe;55;21 2949-8122;Piloto automobilístico;Montenegro
ID923404;Eduardo Sales;Teixeira;Paraíba;37;+55 81 5008-8776;Letrista;Montenegro Monteiro - EI
ID900278;Vinicius da Mata;Mendes de Goiás;Piauí;50;(021) 2976-0687;Guitarrista;Sá Ltda.
ID330539;Arthur Gabriel Camargo;Almeida Verde;Ceará;76;+55 (031) 5105-4630;Seringueiro;Rezende
ID638742;Sr. Samuel Cunha;Porto de Pimenta;Santa Catarina;58;+55 (011) 6365-3475;Copeiro;Fernandes Ltda.
ID488574;Heloisa Castro;Leão de Minas;São Paulo;61;+55 (081) 1836-9793;Técnico em radiologia;Rezende
ID651676;Srta. Evelyn Barbosa;Câmara do Norte;Maranhão;37;0800 404 4446;Jornalista;Vargas Cavalcante Ltda.
ID176486;Maria Fernanda Gonçalves;da Conceição;Santa Catarina;46;+55 81 3619-1891;Piloto de avião;Cavalcanti
ID802481;Giovanna Sales;Ramos de Gonçalves;Mato Grosso do Sul;59;11 7408-4428;Restaurador;Vargas - ME
ID812823;Enrico Cirino;Novaes dos Dourados;Tocantins;77;+55 (081) 2536 5800;Engenheiro de som;da Costa
ID904861;Stella Azevedo;Cavalcanti da Prata;Espírito Santo;30;(031) 7655-0091;Administrador público;Jesus Almeida S/A
ID483274;Davi Lucas Nunes;Cavalcanti de Carvalho;Paraíba;49;(021) 1984-2960;Paginador;da Paz
ID355978;Erick Porto;Sousa do Campo;Minas Gerais;43;(084) 6808-8670;Lenhador;Sá
ID710980;Mateus Cirino;Novaes;Ceará;61;+55 81 1929-7641;Repositor;Fonseca Ltda.
ID375076;Sr. Felipe da Cunha;da Rocha;Santa Catarina;29;81 3813 7136;Telegrafista;Rezende Silveira S/A
ID667808;Fernando Pinto;da Mata Paulista;Acre;28;+55 (051) 2001 8835;Mergulhador;Nunes e Filhos
ID263197;Jade Fonseca;Vieira;Pará;38;81 7907 9025;Windsurfer;Cirino S.A.
ID214900;Thiago Abreu;Viana de Vasconcelos;Ceará;24;+55 (061) 1137 2168;Diretor de cinema;Fogaça Costela S/A
ID432822;Josué Martins;Castro;Mato Grosso;64;+55 (011) 9116 9825;Profissional de cinema;Cavalcanti
ID964128;Maria Luiza Souza;da Rosa do Sul;Pernambuco;44;51 0215 7344;Cientista;da Luz
ID950777;Calebe Moreira;Nascimento dos Dourados;Pernambuco;46;0800 322 9673;Cirurgião dentista;da Conceição
ID212343;Ana Clara Santos;Marques de Freitas;Mato Grosso;42;+55 (051) 1313-2530;Cartunista;Pastor
ID411759;José Miguel da Costa;Machado;Ceará;62;0900 426 1476;Sonoplasta;Barros S.A.
ID242817;Enzo Pinto;Rodrigues;Paraíba;48;(021) 9042 3558;Zootecnista;Porto Fernandes S/A
ID562701;Theodoro Sales;Garcia Verde;Pará;34;+55 (051) 1522 4670;Orientador educacional;Albuquerque Castro S/A
ID941163;Esther Barros;Pimenta Grande;Mato Grosso do Sul;36;(061) 6959 0292;Salva-vidas;Duarte Barros - ME
ID491156;Maria Vitória Pastor;Aparecida;Distrito Federal;53;+55 84 8328 1318;Implantodontista;Cassiano e Filhos
ID152221;Rhavi Macedo;Fogaça;Alagoas;63;+55 (051) 5693-6293;Produtor de audio visual;Pinto e Filhos
ID246653;Maysa Cardoso;Cunha do Sul;Piauí;76;51 9771 7516;Gerente de vendas;Vasconcelos
ID178533;Maysa Casa Grande;Andrade do Amparo;Minas Gerais;55;+55 (031) 9767-4223;Supervisor;Sales S.A.
ID789425;Gabriel Duarte;da Rosa do Sul;Mato Grosso do Sul;52;+55 31 1647 7161;Optometrista;Albuquerque Melo - ME
ID518265;Raul Souza;Lima do Amparo;São Paulo;58;+55 (011) 3084 1167;Produtor fonográfico;Siqueira
ID986736;Raul Câmara;Albuquerque do Norte;São Paulo;63;+55 41 4703-6675;Cientista da informação e documentação;Brito da Conceição - ME
ID879542;Clara Fernandes;Cavalcante de Nunes;Espírito Santo;46;0800 695 2734;Prático;Moreira Souza S/A
ID547804;Stephany Nascimento;Fogaça do Galho;Bahia;54;81 0658-6507;Mecânico de vôo;Lima
ID392880;Marcela Costa;Araújo;Piauí;48;+55 31 1077 4522;Windsurfer;Albuquerque
ID316532;Mariah Ramos;Rocha;Rio Grande do Sul;41;(071) 0855-5914;Arranjador musical;da Paz
ID803379;Yuri Araújo;Novaes;Rio Grande do Sul;27;+55 41 1496-4448;Lutador de luta livre;Moura
ID333354;Ana Lívia Andrade;Moreira;Paraíba;41;+55 (031) 8848-3522;Ferreiro;Vargas Ltda.
ID801180;João Gabriel Cavalcanti;Santos;Rio Grande do Sul;77;(031) 2000 9029;Psiquiatra;Campos - EI
ID364103;Marcos Vinicius Leão;Nascimento de Moraes;Alagoas;31;+55 (071) 0377-7979;Major;Porto Pacheco - EI
ID913547;Bella Guerra;Gomes das Flores;Roraima;45;+55 31 7574 3960;Eletricista;Moura
ID438568;Rael Fogaça;Fonseca;Acre;68;+55 51 3030 7406;Técnico em tratamento de água;Aragão Abreu Ltda.
ID495972;Dr. Daniel Viana;Guerra da Praia;Amazonas;31;11 5682-6075;Mágico;Rios Cavalcanti - ME
ID607572;Nicolas da Cunha;Vasconcelos do Campo;Minas Gerais;31;+55 51 8654 0502;Diretor de fotografia;Mendonça
ID285419;Liam Novaes;Camargo da Mata;Distrito Federal;75;+55 (041) 3681-8872;Florista;Novaes S.A.
ID470575;Jade Correia;Vasconcelos das Flores;Pernambuco;25;+55 (071) 3623-4281;Mecânico de vôo;Sá Gomes S.A.
ID445251;Lucas Lima;Nascimento Alegre;Pará;54;51 0493 7902;Astrofísico;da Rocha
ID345174;Leandro Rezende;da Cunha Verde;Acre;55;+55 (021) 0759 9704;Filósofo;Pinto Vargas Ltda.
ID459715;Sr. Yago da Cunha;Sousa do Campo;Piauí;32;+55 (081) 5990 4779;Militar da Aeronáutica;Rocha e Filhos
ID876109;Yago da Cunha;Costela;Pernambuco;75;51 7034 5670;Operador de bombas;da Paz Cirino - EI
ID482680;Aurora Barbosa;Monteiro;Amapá;24;0300-278-0003;Tecnólogo em produção de bebidas;Sampaio
ID869432;Brenda Silva;Ramos;Minas Gerais;67;0300-320-7785;Engenheiro de produto ou produção;Nascimento
ID685182;Danilo da Conceição;Leão;Bahia;50;+55 (061) 4735-8363;Comandante;Pires S/A
ID222735;Matteo Barbosa;Sá;Pará;21;+55 11 7118 9466;Prático;das Neves
ID555618;Otávio Azevedo;Sampaio;Paraíba;80;+55 (081) 8011-7173;Redator;Ferreira - EI
ID567735;Alana Costa;Fonseca;Acre;36;+55 21 1001 9884;Corregedor de justiça;Brito Ltda.
ID722110;Yuri Teixeira;Ribeiro;Santa Catarina;63;+55 84 2250-3779;Luthier;Cavalcante S.A.
ID409041;Hadassa Jesus;Garcia;Amapá;46;+55 81 3171 4960;Técnico em edificações;da Paz
ID535329;Francisco Barros;Câmara;São Paulo;61;0900-773-5470;Lanterneiro;Peixoto Barbosa Ltda.
ID944696;Sra. Sara Casa Grande;Cunha;Goiás;62;+55 31 8094 4692;Presidente da República;Pereira Rezende S/A
ID245826;Ravy Garcia;Nascimento do Sul;Amapá;78;+55 81 7890-0308;Tosador;Rios
ID850295;Isabella Mendonça;Melo de Goiás;Distrito Federal;23;51 1927 9587;Comerciante;Cardoso S/A
ID581540;Bernardo Sales;Silveira;São Paulo;74;81 0820 4170;Cameraman;Almeida Ramos S.A.
ID299121;Nathan Alves;da Rocha;Rio de Janeiro;31;+55 81 5017-4268;Saxofonista;Gonçalves Castro S/A
ID894849;Maria Alice Cardoso;Silveira da Praia;Amapá;38;0900-354-3476;Panificador/Padeiro;Pires
ID936113;Marcela Fonseca;Montenegro;Mato Grosso do Sul;51;+55 (081) 9503-1352;Montador de negativos;Santos da Paz - ME
ID377473;Lavínia Albuquerque;Sales Verde;Amazonas;69;+55 11 2643-5856;Patologista;Peixoto Cavalcanti S/A
ID182558;Yago Abreu;Aparecida;Amapá;36;(061) 6030-1871;Caixa;da Conceição - ME
ID214735;Rhavi Cirino;Gonçalves do Amparo;Pará;63;+55 (021) 6611 7336;Transportador;das Neves Ltda.
ID124685;Bernardo Moreira;Rodrigues do Campo;São Paulo;75;+55 11 2212 7309;Fonoaudiólogo;Aparecida - EI
ID119211;Agatha Azevedo;Vieira de Goiás;Amazonas;64;0800-123-6994;Carpinteiro;Gonçalves
ID512252;Alexia Oliveira;Porto;Goiás;74;+55 84 5466-9361;Repórter;Santos Azevedo - EI
ID685819;Júlia Ramos;Borges;Rio Grande do Sul;23;(051) 4128-2192;Urbanista;Vargas
ID434252;Otávio Sampaio;Barros de Rodrigues;Amazonas;22;(011) 7493-8739;Mergulhador;Santos
ID463955;Hellena Monteiro;Pereira do Sul;Mato Grosso do Sul;22;84 5475-2967;Chefe de cozinha;da Mota S/A
ID818037;Murilo Mendonça;Dias;Ceará;25;31 2843-1358;Torneiro mecânico;Montenegro - ME
ID457326;Rafael Pinto;Camargo de Mendes;Mato Grosso;25;81 2268-3773;Gandula;Costela - ME
ID263506;Sr. Luiz Fernando Sá;Garcia;Amapá;35;61 7323 1643;Engenheiro naval;Gomes Oliveira S.A.
ID231369;Maria Alice Camargo;das Neves de Azevedo;Amapá;64;0900 691 1810;Cientista social;Ferreira
ID698970;Valentim Pinto;Pires;Santa Catarina;37;+55 (051) 1456-2043;Leão de chácara;Moreira
ID689852;Manuela Silva;Ribeiro do Galho;Goiás;28;+55 (084) 0608 4031;Laboratorista;Porto Ramos e Filhos
ID730019;Ravi Novais;Pacheco;Espírito Santo;61;+55 (031) 7189-1617;Viveirista;Mendes e Filhos
ID243428;Arthur Miguel Ramos;Garcia da Praia;Mato Grosso;21;84 2388-6016;Sonoplasta;Abreu Teixeira - EI
ID375767;Fernando Gomes;Novaes de Campos;Amazonas;46;81 9955-4452;Bedel;Jesus
ID549815;Antony Vieira;Caldeira;Maranhão;30;+55 (051) 2980-7927;Lanterneiro;Cardoso
ID962873;Marcos Vinicius Ribeiro;Cavalcanti;Distrito Federal;31;(021) 3595 0775;Contabilista;Andrade Novais S/A
ID309648;Sophie Pacheco;Barros do Oeste;Maranhão;38;+55 84 8976 3150;Engenheiro agrimensor;Borges - ME
ID249218;Evelyn Pires;Aparecida;Tocantins;32;+55 51 5802 8191;Penhorista;Caldeira
ID746551;Marina Gomes;Albuquerque;Pernambuco;39;+55 31 4328 4262;Profissional de áudio;Mendes
ID459862;Caleb Dias;Araújo;Goiás;75;+55 (081) 2776-3022;Ascensorista;Marques
ID257654;Anthony Pastor;Rocha do Campo;Rio de Janeiro;49;0500 148 3010;Lavador;Campos - ME
ID653644;Luiz Otávio Rios;Farias;Mato Grosso do Sul;25;+55 (084) 1157 8470;Tecnólogo em processos químicos;Vargas
ID816407;Cecilia Farias;Porto da Praia;Rio de Janeiro;43;+55 (021) 8259-2584;Físico nuclear;Moreira S.A.
ID282931;Dr. Ravy Santos;Camargo;Rio Grande do Norte;27;+55 (021) 7802 8760;Turismólogo;Sá
ID801946;Marcela Farias;da Costa da Prata;Roraima;69;+55 (041) 2728 5577;Escritor;Martins Duarte S/A
ID667100;Otávio Pimenta;Vasconcelos;Santa Catarina;72;0800-136-5887;Cientista político;Silva Aparecida - ME
ID552552;Rodrigo Caldeira;Sá;São Paulo;68;+55 84 4520-1994;Sushiman;Pereira Vieira S/A
ID434153;Thiago Ramos;Carvalho do Oeste;Mato Grosso;21;+55 41 8996 1052;Coordenador;da Costa
ID669898;Eduarda Jesus;Sousa Paulista;Pernambuco;63;(071) 7465-4232;Engenheiro de alimentos;da Mota Costela S/A
ID381005;Nicole Rezende;Santos;Tocantins;44;0800 680 6225;Cerimonialista;Alves
ID268355;Heloisa Mendes;Gonçalves da Mata;Ceará;63;+55 71 5841 4234;Co-piloto;Borges
ID614564;Liz Nascimento;Aparecida Paulista;Goiás;79;81 8233-6307;Agente de defesa sanitária;Barbosa Teixeira S/A
ID809832;Sr. Pedro Lucas Nascimento;Câmara de Cavalcanti;Acre;44;+55 (071) 5469 2378;Operador de bombas;Carvalho
ID497651;Srta. Ana Clara Guerra;Câmara de Vieira;Distrito Federal;51;+55 31 6545-7696;Tecnólogo em Ciências das plantas medicinais;Moraes
ID460893;Sra. Maria Vitória da Cruz;Moura;Acre;41;41 1949-6117;Auditor;Correia
ID378893;Dr. Raul Peixoto;Viana;Santa Catarina;70;0500 412 7471;Segurança particular;Novais
ID775933;Juliana Câmara;Peixoto;Paraíba;46;+55 (081) 5185 3192;Neurocirurgião;Carvalho
ID875709;Alexia Teixeira;Rodrigues da Prata;Maranhão;68;+55 51 5386 9922;Assistente de produção;Cassiano
ID455965;Isabela Aparecida;Santos;Rondônia;80;21 0116-8204;Senador;Mendonça Cassiano - EI
ID277103;Dr. Diogo Peixoto;Pires;Goiás;73;0800-082-2700;Panfleteiro;Cavalcanti e Filhos
ID697702;Sra. Manuella Brito;Santos de Minas;Ceará;37;81 6714 5469;Astrofísico;da Cunha
ID384432;Olivia Mendonça;Novais da Serra;Rio de Janeiro;61;+55 (071) 4663-1072;Tecnólogo em jogos digitais;Pires
ID396768;Maya Moura;Moura;Santa Catarina;61;+55 61 7968-7421;Psicomotricista;Jesus
ID994077;Cecília da Cruz;Araújo do Oeste;Rondônia;28;(071) 9556-5687;Cobaia Médica;Pires
ID420117;Dr. Ryan Ribeiro;Barros;Rondônia;69;0500 702 2641;Tecnólogo em jogos digitais;da Rocha - EI
ID894273;Maria Eduarda Pimenta;Sales;Rio Grande do Sul;50;0900-450-1901;Técnico em arquivo;da Cunha
ID303352;Apollo Nogueira;Melo Paulista;São Paulo;62;51 2733 4784;Armeiro;Gomes das Neves S/A
ID450553;Dr. Rael Gonçalves;Cassiano da Mata;Santa Catarina;29;(051) 5684-7362;Saxofonista;Pires
ID375501;Srta. Isabella Aparecida;Vasconcelos;Piauí;40;+55 (021) 4622 2807;Músico;Moura Oliveira S/A
ID201325;Yan Fogaça;Barros Verde;Rondônia;26;(011) 7364 5167;Violonista;Sá S.A.
ID751152;Erick Pimenta;Monteiro das Pedras;Mato Grosso;25;(011) 2181 6791;Juiz ou árbitro de futebol;Correia S/A
ID727403;Ana Lívia Carvalho;Jesus de Minas;Paraná;80;61 8673-6560;Desenhista;Garcia Ltda.
ID393506;Luan Fernandes;Azevedo do Norte;São Paulo;75;+55 (081) 0426 3328;Bóia-fria;Gonçalves
ID667328;Bianca Farias;Araújo do Norte;Minas Gerais;32;84 1556 2958;Engenheiro de energia;Oliveira
ID355234;Marcos Vinicius da Costa;Casa Grande de Rocha;Amazonas;24;+55 71 9432 6617;Controlador de vôo;Costa
ID590155;Alícia da Conceição;Pimenta de Viana;São Paulo;25;+55 (031) 6433-8406;Restaurador;Barbosa e Filhos
ID613819;Maria Clara Pires;Nogueira do Campo;Sergipe;52;41 7785-3409;Personal trainer;Almeida Silva - ME
ID759189;Leonardo Mendes;Rios;São Paulo;56;+55 (031) 0993-5678;Promotor de eventos;da Costa - EI
ID723096;Yasmin Barros;Pastor de Camargo;Rio de Janeiro;75;71 9091 6317;Pediatra;Cunha Viana Ltda.
ID740659;Ana Julia Machado;Caldeira;Alagoas;35;+55 (071) 3459-9149;Radialista programador;Pinto e Filhos
ID398127;Bianca Melo;Costela;Tocantins;53;+55 71 9851-0118;Marcador de luz;Machado S.A.
ID822746;Srta. Letícia Oliveira;Farias;Pernambuco;45;(071) 8095-8929;Engenheiro naval;Mendes
ID462034;Lunna Novaes;Peixoto;Piauí;31;+55 71 8059-0664;Ambientalista;Jesus
ID800367;Luísa Gomes;Costa;Rondônia;63;+55 81 5368-2290;Geradorista;Novais - EI
ID210442;Pedro Miguel Vieira;Duarte Grande;Mato Grosso;72;(071) 7755 1147;Médico cirurgião;Araújo
ID575134;Cecilia Casa Grande;Castro;Maranhão;56;+55 81 4766 2949;Clap loader;Araújo Campos S/A
ID996283;Srta. Lívia Nogueira;Duarte da Praia;Rondônia;60;+55 (071) 4157 2649;Contabilista;Guerra
ID324414;Dr. Lorenzo Novais;Pires;Santa Catarina;21;(071) 9273-9461;Cirurgião bucal;Almeida
ID884415;Dr. Miguel Araújo;Moreira da Serra;Bahia;71;61 0103 3077;Estofador;Rocha
ID881290;Natália da Paz;Caldeira;Alagoas;62;84 6061-7228;Profissional de efeitos especiais;Barbosa
ID385874;Lorenzo Barros;Silveira Verde;Pará;52;+55 61 4288 8247;Empresário;Aragão Ltda.
ID841553;João Lucas Nogueira;Fogaça do Amparo;Rio Grande do Sul;30;(011) 3897 1319;Ecólogo;da Cunha - EI
ID711335;Vitória da Cruz;Ramos de Farias;Pernambuco;78;(061) 4317 5653;Produtor musical;Guerra - ME
ID680024;Ana Clara Casa Grande;Abreu;Paraná;44;71 7032-0974;Radiologista;Fogaça
ID603070;Bella Farias;Correia;São Paulo;29;81 3900-0024;Petroleiro;da Luz Nunes Ltda.
ID659457;Pietra Siqueira;da Costa de Marques;Rio Grande do Norte;27;+55 (084) 3857-0482;Engraxate;Rocha
ID854656;Ana Cecília Lopes;Dias da Prata;Paraná;73;+55 (051) 9832-8441;Taxista;Pacheco Jesus - ME
ID233058;Bernardo Mendes;Mendonça das Pedras;Maranhão;27;21 9265-4221;Corretor da bolsa de valores;Sá Moura S.A.
ID784104;Breno Nascimento;Cavalcanti das Pedras;Rio Grande do Sul;67;41 8046-8524;Ambientalista;Fogaça Guerra - ME
ID239773;Giovanna Cirino;Fonseca;Piauí;60;51 0364 9182;Tesoureiro;da Paz Mendes S.A.
ID682960;Lívia Lopes;Macedo;Bahia;50;(061) 1477-1862;Servente-de-obras;Siqueira
ID995081;Dra. Heloisa da Costa;Barros de Novaes;Roraima;31;31 8828 2543;Músico;Cavalcante S/A
ID491705;Giovanna Alves;Caldeira da Praia;Paraná;71;+55 61 6536 0977;Empregado doméstico;Albuquerque - EI
ID319200;Benicio das Neves;da Mota do Amparo;Distrito Federal;64;21 5702-3321;Auditor;Moreira S.A.
ID692960;Caleb Nunes;Machado de Goiás;Piauí;73;(011) 5305-1838;Neurocirurgião;Souza S.A.
ID182253;Natália Viana;da Rocha;Minas Gerais;22;(071) 7498 0427;Armador;Casa Grande
ID834720;José Miguel Pastor;Cavalcante;Mato Grosso;77;(041) 3867-6228;Diarista;Novais Ltda.
ID179190;Mariana Sampaio;Porto Alegre;Amapá;79;(031) 8708 2297;Clap loader;Fonseca
ID751666;Isaac da Cruz;da Paz Alegre;Acre;58;61 3927 7381;Jardineiro;Nogueira
ID465368;Yuri Melo;Câmara;Piauí;23;(081) 3314 3535;Engenheiro físico;Pimenta
ID620375;João Guilherme Araújo;Machado;Pernambuco;54;51 2406 0083;Tecnólogo em rochas ornamentais;da Rosa
ID303697;João Vasconcelos;Casa Grande;Roraima;67;51 4039 1917;Ministro;Rocha
ID665014;Maria Flor Silva;das Neves;Mato Grosso;52;84 0969-7410;Orçamentista;Sampaio
ID539293;Dr. Eduardo Ramos;Cunha;Sergipe;56;61 3892 0128;Artista plástico;Nunes
ID543557;Marcos Vinicius Moraes;Lima;Pará;26;+55 (051) 1403-5869;Engenheiro de produção agroindustrial;Macedo Correia S.A.
ID527831;Rafaela Pacheco;Silva;Mato Grosso;25;+55 (011) 6722 6878;Engenheiro de produto ou produção;Pimenta
ID771320;Jade da Mota;Lopes do Campo;Rio Grande do Norte;45;+55 (084) 6309 9693;Jogador de golfe;Silveira
ID144180;Clara Viana;Gonçalves das Pedras;Tocantins;36;+55 21 3446 3731;Degustador;Correia
ID375113;Liam Ramos;das Neves da Serra;Rio de Janeiro;38;61 4601 1868;Engenheiro de computação;Freitas Leão S/A
ID634609;Isabel Borges;Martins;Acre;61;+55 (081) 1680-2579;Técnico em aviação;Câmara
ID306915;Catarina Campos;Novaes do Oeste;Mato Grosso;41;(021) 4195 7914;Técnico em edificações;Pires
ID227635;Carolina Ribeiro;Borges do Amparo;Sergipe;20;(071) 4454-2665;Empregado doméstico;Moreira
ID123349;Lavínia da Cruz;Aparecida de da Luz;Espírito Santo;31;+55 (061) 3564 7461;Gestor ambiental;Barbosa
ID927657;Luiz Fernando Santos;Lopes;Goiás;22;(084) 7785 0626;Produtor musical;Melo S/A
ID432544;Dr. Luigi Peixoto;Silva da Serra;Espírito Santo;31;(011) 7052-3827;Almoxarife;Campos - EI
ID544741;Maria Cecília Silva;Abreu da Prata;Amazonas;69;(051) 8935-3973;Policial federal;da Luz Azevedo - EI
ID599943;Maria Julia Marques;Brito do Amparo;Rondônia;29;(084) 0636-4593;Neonatologista;Cunha - ME
ID343625;Alice Guerra;Vasconcelos das Flores;Pará;54;+55 41 1597 6184;Grafologista;Barbosa Teixeira Ltda.
ID793110;Sophia Pacheco;da Conceição;Amapá;32;(081) 6287 8443;Empresário;Melo Ltda.
ID253049;Henry Gabriel Cassiano;Siqueira;São Paulo;49;41 2762-6390;Jogador de badminton;Araújo Mendonça Ltda.
ID930497;Ana Júlia Correia;Cassiano;Goiás;59;0900 233 2432;Cientista de alimentos;Aparecida
ID427730;Rafaela Costela;Pereira de Azevedo;Rio Grande do Norte;35;+55 41 1749 2046;Funileiro;Silva
ID232086;Allana Ribeiro;Martins;Mato Grosso do Sul;72;+55 84 4232-9870;Obstetra;Fernandes
ID631893;Marcelo Dias;Sá do Norte;Bahia;35;+55 84 0724-4322;Lactarista hospitalar;Pinto
ID433727;Heloisa Novais;Oliveira das Flores;Rio de Janeiro;50;+55 41 7011-3643;DJ;Sousa S.A.
ID916103;Mathias Moura;Guerra;Mato Grosso do Sul;70;+55 (041) 5072-1691;Tecnólogo em papel e celulose;Silva
ID587563;Ian Rios;Jesus;Piauí;40;+55 (011) 3841-1946;Fisioterapeuta;da Cunha
ID485067;Rebeca Borges;Viana das Pedras;Mato Grosso;43;0500-854-0693;Agente de defesa sanitária;Abreu
ID971450;Maria Liz Sales;da Cunha;Rio Grande do Norte;54;21 5254-8061;Profissional de manutenção industrial;Silveira Rodrigues e Filhos
ID970953;Ayla Vargas;Aparecida do Oeste;Rio Grande do Sul;28;+55 (071) 5079-7640;Consultor de moda;Sá
ID208302;Luiz Henrique Alves;Barros de Minas;Piauí;77;+55 (084) 4862-4986;Profissional de recursos humanos;Cunha
ID819519;Luara Porto;Cassiano;Roraima;54;+55 (031) 7472-8682;Produtor fonográfico;Freitas
ID756844;Nicolas Fonseca;Pereira;Rio Grande do Norte;66;(061) 4902-9111;Químico;Cunha
ID860916;Emilly Lopes;Nunes;Sergipe;57;(084) 5157 6341;Bóia-fria;Pereira
ID713040;Brenda Cirino;Pinto;Sergipe;66;+55 21 2831-7778;Produtor de multimídia;Macedo Ramos Ltda.
ID960232;Sra. Maria Laura Costela;Borges;Mato Grosso;23;61 9033 5072;Embalador;das Neves
ID492348;Dra. Bianca Mendonça;Moura das Pedras;Sergipe;31;+55 (051) 2756-2889;Entalhador;Guerra
ID340634;Henry Gabriel Dias;Porto;Maranhão;21;71 5492-6811;Farmacêutico;Ramos
ID132069;Benjamim Sampaio;Marques;Paraná;26;+55 (051) 6245-2042;Tecnólogo em processos químicos;Andrade
ID981166;Ian Aparecida;Costa;Tocantins;43;61 3780 0792;Paramédico;Sá
ID673004;Cauê Dias;Cunha;Paraíba;58;+55 (061) 6114 4211;Coloproctologista;Santos Marques S/A
ID502177;Arthur Miguel Cunha;Alves do Oeste;Pernambuco;39;(071) 7706-0951;Meeiro;Oliveira - EI
ID910263;Sra. Ágatha Pires;Lopes;Bahia;73;41 6576-5336;Urologista;Ferreira
ID764927;Srta. Anna Liz Ramos;Rodrigues;Ceará;79;(061) 9631-5601;Diarista;Lopes Vargas e Filhos
ID306211;Emilly Albuquerque;Porto;Roraima;64;+55 71 9362 2457;Marinheiro;Nogueira
ID628244;Sofia Vieira;Fonseca;Maranhão;74;+55 (051) 9386 3053;Jogador de bocha;Albuquerque Garcia S/A
ID280512;Nina Silva;Silva de Marques;Amapá;75;61 7555-5470;Profissional de comércio exterior;Guerra Fogaça - ME
ID371516;Srta. Rafaela Nunes;Machado do Campo;Sergipe;25;41 8316 4669;Gestor de tecnologia da informação;Cassiano Câmara S.A.
ID285095;Hadassa Sá;Rios de da Paz;Espírito Santo;73;(011) 9732 2782;Revendedor;da Rosa Moura Ltda.
ID771582;Raul Rios;Aragão da Serra;Rondônia;63;+55 (061) 7588 3851;Profissional de reciclagem;da Rosa
ID157152;Sr. Rael Brito;Siqueira de Rocha;Amapá;20;+55 81 3001-6250;Telefonista;Castro Viana e Filhos
ID434534;Léo Pires;Machado de Pimenta;Goiás;41;(041) 7568-7907;Engenheiro de petróleo;Sales S/A
ID620857;Théo Melo;Lima dos Dourados;Maranhão;20;+55 21 7102-9115;Aeromoça;Borges
ID843340;Vitor Hugo Fogaça;Peixoto de Cassiano;Amapá;48;(081) 7306-8845;Leiloeiro;Fonseca Sampaio - EI
ID232829;Melissa Macedo;Carvalho da Prata;Minas Gerais;56;+55 84 6680-9392;Engenheiro sanitarista;Brito da Luz Ltda.
ID743593;Srta. Lavínia Lopes;Ribeiro de Monteiro;Sergipe;41;(051) 9789 9731;Grafologista;Pinto Dias - ME
ID596499;Manuela Barros;Pires;Piauí;26;61 8753 5961;Comissário de bordo;Ferreira
ID409915;Dom Cassiano;Azevedo de Gomes;Piauí;61;+55 (041) 1080-9002;Engenheiro acústico;Cavalcante
ID219761;Letícia Lopes;da Mota;Tocantins;49;+55 (084) 6269 3740;Vendedor;Camargo - EI
ID498706;Lara Mendonça;Araújo;Santa Catarina;79;51 6894 7921;Físico;da Rosa
ID411709;Letícia Monteiro;Farias;Amapá;65;0500-371-4230;Bancário;Pastor Garcia - ME
ID514233;Mariana Barros;Rocha;Pernambuco;40;0900 105 8352;Psicopedagogo;Farias Rocha S/A
ID920322;Antonella Correia;Nunes;Paraná;53;+55 84 1744 7964;Eletricista;Nunes
ID341998;Maria Luiza Camargo;Fogaça;Sergipe;28;81 5758-5528;Tecnólogo em produção moveleira;Câmara
ID558184;Emanuella Oliveira;Andrade da Praia;Rio Grande do Norte;36;+55 61 4756 4896;Engenheiro cartográfico;Siqueira
ID975115;Raul Farias;Araújo de Nogueira;Amapá;46;(081) 5958-9720;Educador;Silva S/A
ID228177;Vitória Nogueira;Sá;Roraima;40;41 7364-6302;Mestre-de-obras;Porto
ID187904;José Miguel Ramos;Camargo;Amazonas;21;+55 (021) 8275-6536;Juiz ou árbitro de futebol;Moreira Cassiano e Filhos
ID626112;Nathan Casa Grande;Peixoto;Piauí;59;+55 (061) 9188-3478;Educador integrado à saúde pública;Pastor e Filhos
ID898210;Maria Laura Pereira;da Conceição de Sá;Pará;44;+55 71 2392-1372;Turismólogo;Nunes
ID645136;Lucas Marques;da Paz;Alagoas;78;+55 (021) 6093 1251;Profissional de hotelaria;Monteiro
ID145055;Gael Henrique Ribeiro;Carvalho;Amazonas;37;21 6046-5482;Governanta;Mendes Machado S/A
ID164313;Gael Câmara;Ribeiro Paulista;Espírito Santo;29;0500-376-8429;Petroleiro;da Rosa da Mota e Filhos
ID159660;Catarina Oliveira;Melo do Campo;Tocantins;50;0500 961 4100;Jogador de tênis de mesa;Fogaça - ME
ID700740;Esther Rios;Fernandes;Pernambuco;67;(061) 3230 0455;Brigadeiro;Marques Ltda.
ID535989;Isabela da Rosa;Pacheco;Roraima;33;+55 51 5982 1686;Profissional de educação física;da Conceição
ID307984;Eloah Costela;da Rocha;São Paulo;44;+55 21 1963 5525;Profissional de cinema;Pimenta
ID763159;Renan Mendes;Barbosa;Tocantins;36;+55 71 4863-6480;Enólogo;Gomes - ME
ID627418;Maria Isis Montenegro;Cirino;Mato Grosso do Sul;66;+55 (031) 6174 3205;Cabo;da Cunha
ID222004;Ravy da Cunha;Rios;Espírito Santo;64;(011) 2924 0158;Designer gráfico;Fernandes
ID676337;Luiz Fernando Albuquerque;da Rosa Grande;Piauí;73;+55 (011) 2163-1557;Entalhador;Nascimento Moura S/A
ID493549;Sara Cardoso;Gonçalves do Campo;Paraná;73;(071) 8139-1060;Cirurgião dentista;Mendes
ID777355;Milena Pinto;Costela;Amapá;48;41 7887-3169;Perito criminal;Duarte
ID747317;Rafaela Pastor;Casa Grande do Amparo;Rio de Janeiro;79;+55 (071) 0437 0599;Guitarrista;da Costa Ltda.
ID496369;Sra. Heloísa Souza;da Mata;Rio de Janeiro;53;+55 (031) 2487 3444;Maquiador;Rezende
ID855816;Anna Liz Casa Grande;Sampaio da Serra;Ceará;75;(021) 5733 0210;Massagista;Barros
ID851169;Dr. Mathias Pires;Fonseca;Acre;44;+55 (071) 5033-5666;Restaurador;da Rosa Oliveira S/A
ID393802;Anna Liz Nogueira;Pereira;Mato Grosso;73;+55 71 8328-6407;Letrista;Cavalcante
ID386239;Bryan Pereira;Moura Alegre;Piauí;64;84 8294 1211;Mestre-de-obras;Montenegro e Filhos
ID120516;João Guilherme Duarte;Martins;Amazonas;63;+55 (021) 1860-3965;Cerimonialista;Ferreira
ID768927;Kaique Gonçalves;Silva;Pará;52;31 2633-9311;Contábil;Sales
ID363611;Calebe Sousa;Pereira de Fernandes;Roraima;39;(061) 8660-6393;Oceanógrafo;Moreira
ID297654;Leandro Silveira;Alves;Alagoas;65;+55 (071) 5285-8596;Estatístico;Nogueira Monteiro S.A.
ID587674;Sr. Luiz Gustavo Moraes;Rezende;Piauí;57;+55 (041) 4584 0936;Físico nuclear;Porto Gomes - ME
ID633241;Kaique Caldeira;Martins do Campo;Pernambuco;30;+55 (051) 4423-7936;Bartender;Cavalcanti
ID419654;Isabel da Luz;Cirino de Duarte;Mato Grosso;21;+55 51 4902 8923;Soldado;Ribeiro S/A
ID356202;Dr. Dom Macedo;Rezende de Minas;Distrito Federal;51;(051) 0063-9236;Patologista;Barros Fogaça S/A
ID209480;Beatriz Castro;Rios de da Luz;Alagoas;42;+55 71 1043-9241;Pecuarista;Alves
ID239083;Sra. Ana Luiza Costa;Castro;Pará;55;84 2348 7089;Xilógrafo;Cunha
ID894651;Diogo Rios;Leão dos Dourados;Acre;51;+55 21 0802 8033;Engenheiro de energia;da Mata Barbosa S/A
ID359512;Lívia Viana;Peixoto da Prata;Pernambuco;77;0900 481 9322;Chapeiro;Brito Ltda.
ID547729;Heloisa Pinto;Souza de Castro;Sergipe;36;0500 440 5428;Neurocirurgião;Brito
ID442390;Sra. Juliana Pires;Barbosa de Goiás;Amazonas;73;(081) 8402-2940;Estofador;Mendonça - ME
ID640705;Lorenzo Porto;da Cruz do Oeste;Alagoas;20;(031) 0628-8193;Astrólogo;Casa Grande
ID779387;Bruno das Neves;Cassiano da Mata;Mato Grosso;20;+55 (081) 6898 1178;Especialista em agronegócios;Ribeiro
ID817440;Sr. Apollo Abreu;Brito do Amparo;Pará;30;(021) 6594 2537;Argumentista;Rocha
ID224265;Maria Clara Duarte;Dias;Pará;79;+55 (041) 9291 5411;Capitão;da Conceição Ramos - EI
ID859798;Valentina Nogueira;da Costa;São Paulo;34;+55 (041) 1489-6366;Meredeira;Correia
ID223441;Sr. Nathan das Neves;Vargas;Distrito Federal;39;+55 81 3373-2172;Triatleta;Lopes
ID656956;Thomas Freitas;Moreira;Mato Grosso do Sul;43;+55 31 9109-3268;Corretor da bolsa de valores;da Costa
ID331947;Rafael da Paz;da Cunha;Acre;38;51 1391 3379;Técnico em desporto;Farias e Filhos
ID456246;Rael Sales;Cardoso;Roraima;74;84 3074 0462;Profissional de logística;Pacheco Siqueira Ltda.
ID241985;Lorena Alves;Teixeira;Minas Gerais;20;+55 21 3234-4244;Triatleta;Correia
ID111228;Dante da Cunha;Marques;Espírito Santo;25;0500-652-4507;Notário;Nascimento
ID489532;Dra. Pietra Pastor;Nogueira;Santa Catarina;60;11 8620-5493;Profissional de áudio;Rios
ID525390;Dr. Samuel da Cruz;da Paz;Paraná;38;+55 (061) 8487-9540;Jangadeiro;Barbosa
ID889086;Enzo Gomes;Porto;Pernambuco;63;+55 (051) 7364 0043;Oceanógrafo;Monteiro
ID436393;Sra. Melina Oliveira;Camargo do Oeste;Santa Catarina;62;+55 71 5362 7088;Representante comercial;Garcia
ID385316;Henry Gabriel Montenegro;Araújo;Espírito Santo;77;+55 (051) 3460-0481;Ambulante;Marques
ID270867;Nathan Araújo;Leão;Pernambuco;61;31 3129 0559;Compositor;Fonseca Câmara S.A.
ID197689;Sra. Bruna da Mata;Brito Alegre;Rio Grande do Sul;59;81 7525-8265;Triatleta;da Mata
ID930320;Isabella Pimenta;Melo;Ceará;44;61 6866-3636;Reumatologista;Viana Nunes - EI
ID121252;Isabelly Leão;Sampaio de Macedo;Rio Grande do Sul;72;+55 81 2657 7555;Médico cirurgião;Jesus
ID168036;Isaac Monteiro;Pereira;Pará;68;+55 (071) 2785 1191;Nefrologista;Pacheco - ME
ID476179;Thiago da Rosa;Mendonça das Flores;Maranhão;24;+55 (041) 3815 0424;Administrador;Monteiro - ME
ID143705;Daniel Garcia;Casa Grande de Pimenta;Maranhão;72;(081) 3601 8741;Meredeira;Moraes S/A
ID238854;João Lucas Teixeira;Brito;Piauí;45;+55 21 3373-0400;Funileiro;Borges
ID443117;Dra. Marcela Sá;Borges de Montenegro;Tocantins;73;+55 (081) 6180-9040;Escrivão;Siqueira
ID604618;Olivia Leão;Vieira das Pedras;Piauí;21;0800 204 0516;Figurinista;Cavalcante Souza e Filhos
ID284215;Kevin Novais;Duarte;Amapá;20;0800-167-8372;Panfleteiro;Guerra
ID995031;Danilo Duarte;Ferreira;Amazonas;74;51 7715 9720;Serventuário;da Mota Monteiro e Filhos
ID789374;Sr. Pedro Ribeiro;Brito Grande;Rondônia;63;+55 (021) 5295 0166;Cambista;Teixeira Almeida - EI
ID177711;Bento Albuquerque;Sampaio;Tocantins;76;+55 (011) 8910-3166;Embaixador;da Rocha
ID307464;Bianca Lopes;Pereira;Ceará;42;+55 (071) 4271 6141;Psicomotricista;Azevedo Rodrigues S.A.
ID155818;Dr. João Felipe Monteiro;Alves;Mato Grosso do Sul;74;61 9473 1414;Auxiliar administrativo;Aparecida
ID976708;Cecília Ramos;Campos de da Mota;Pará;64;+55 (021) 1597 2916;Pecuarista;Ramos e Filhos
ID515781;Pedro Henrique Cirino;da Cruz da Praia;Roraima;66;+55 (021) 9732 7894;Impressor;da Mata
ID418661;Marcelo Cirino;Correia do Oeste;Minas Gerais;32;(011) 4655 3970;Contador;Campos
ID223579;Sr. João Gabriel Aragão;da Mota;Rio Grande do Sul;59;+55 (071) 6955 2657;Ferramenteiro;Ramos Ltda.
ID545599;Sra. Emilly Rezende;Porto;São Paulo;79;+55 71 5074 6297;Major;Azevedo Lima - EI
ID127351;Maria Flor Rezende;da Mata do Norte;Paraná;40;(071) 4058 7970;Confeiteiro;Alves e Filhos
ID148012;Thiago Cavalcanti;Lopes de Goiás;Piauí;20;+55 41 0417 6507;Skatista;da Mata S.A.
ID129180;João Pedro Sousa;Correia da Mata;Minas Gerais;69;61 9759-0050;Gerente de inovações ou novos negócios;Casa Grande Sousa Ltda.
ID728105;Vitor Hugo Nunes;Souza de Borges;Acre;66;+55 (011) 5146 6326;Despachante;Rocha
ID214533;Nathan Pinto;Moura;Roraima;28;0300-049-8823;Mecânico;Costa e Filhos
ID847265;Olivia Cardoso;Cardoso do Oeste;Sergipe;31;+55 (041) 0081 9577;Porteiro;Peixoto Pimenta S/A
ID798730;Enzo da Paz;Rodrigues;Mato Grosso;79;41 7417 5922;Guarda roupeiro;Carvalho Lima Ltda.
ID145121;Luara da Conceição;Viana da Praia;Rio de Janeiro;28;(051) 8457 3873;Arranjador musical;Brito - ME
ID330341;Giovanna Silva;Cavalcante;Pernambuco;64;+55 71 4720-0070;Vigilante noturno/diurno;Jesus
ID443554;Diego Andrade;Fernandes da Praia;Acre;57;(021) 6827 2101;Policial militar;Melo S.A.
ID887854;Dr. Enzo Macedo;da Cunha;Alagoas;46;(031) 5139 1464;Figurante;Castro - EI
ID580049;Matteo Pacheco;Carvalho;Paraíba;32;+55 (071) 9403-8084;Caça-talentos/Olheiro;Barros
ID653175;Maria Clara Marques;Rios das Pedras;Goiás;30;(081) 4547 2226;Engenheiro naval;Fernandes Ltda.
ID842584;Marina da Cruz;Fonseca de Silveira;Roraima;30;(061) 5038-3476;Profissional de reciclagem;Novais Carvalho - EI
ID849895;Sr. Mathias Casa Grande;Rodrigues;Pernambuco;33;+55 (031) 3009-2247;Babá;Dias
ID648941;João Guilherme Sousa;Farias;Santa Catarina;53;+55 71 1203 9354;Mãe social;Lima Teixeira - EI
ID540841;Maria Cecília Camargo;Ramos da Praia;Distrito Federal;23;+55 (011) 7578-4616;Engenheiro de processos;Campos Cunha Ltda.
ID586777;Sofia Ferreira;Costa;Pará;36;31 1078 4879;Arquivista;Pires
ID939876;Sr. Ryan Souza;Caldeira Grande;Acre;34;+55 (041) 1297-3913;Corredor de atletismo;Lopes
ID603878;Emanuel Brito;Farias;São Paulo;39;61 2505 9743;Protesista;Macedo
ID796037;Sr. Leandro Lima;Mendonça de Monteiro;Distrito Federal;32;(021) 0022-4704;Reumatologista;Cirino
ID843176;Gabriela Lima;Câmara;Mato Grosso do Sul;46;0800 615 4378;Pescador;Aragão
ID794114;Murilo Nunes;Cavalcanti de Goiás;Tocantins;70;(011) 4515 0527;Defensor Público;Silva Viana - EI
ID962596;Clara Costela;Brito Alegre;Paraná;28;(041) 7108 0179;Radiologista;Albuquerque
ID549863;Gustavo Henrique Aparecida;Pereira;Tocantins;52;51 5463 6715;Lactarista hospitalar;Abreu S.A.
ID558999;João Gabriel Gonçalves;Rodrigues do Norte;Sergipe;36;71 6481-0143;Astrônomo;Ferreira - EI
ID644415;Rael Moraes;Santos de Martins;Ceará;28;31 6142-9122;Jogador de badminton;Jesus e Filhos
ID501125;Otávio Farias;Novais;Minas Gerais;76;(051) 5515 8043;Contábil;Teixeira
ID140794;Carolina Freitas;Lopes de Montenegro;Rio de Janeiro;73;51 8070 2875;Gourmet;Teixeira Correia e Filhos
ID123924;Benicio da Cunha;Sousa de Goiás;Minas Gerais;35;31 4682-1332;Coordenador;Azevedo
ID365577;Luigi Cavalcanti;Novais;Minas Gerais;60;+55 (011) 3238-5912;Lixeiro/Coletor de lixo;Vasconcelos Ltda.
ID747719;Ryan Machado;Fonseca;Rio Grande do Sul;74;31 8855-9018;Agente de defesa sanitária;Costa Ltda.
ID953906;Mirella Araújo;Ferreira;Mato Grosso do Sul;40;(071) 3050 6297;Timoneiro;da Cunha
ID550454;Felipe Correia;Mendes;São Paulo;58;+55 (011) 4120 8706;Skatista;Vieira S/A
ID765686;Sra. Raquel Teixeira;Mendonça do Galho;Distrito Federal;54;+55 (061) 1635-5615;Alpinista;Pires
ID121714;Lunna Machado;Duarte de Gonçalves;Rondônia;21;+55 (041) 8941-9869;Cartunista;Cavalcante
ID684590;Lorena Siqueira;Nunes;Santa Catarina;25;(084) 0148-3323;Ilustrador;Santos - ME
ID179350;Ravi Sá;Carvalho;Tocantins;23;+55 71 5063-7505;Policial civil;Rios Dias Ltda.
ID698400;Maysa Gonçalves;Câmara Grande;Bahia;36;(021) 7823 0320;Prefeito;Caldeira S/A
ID255481;Cauê Novais;Cavalcanti;Distrito Federal;33;(031) 6398-1766;Maquiador;Mendes Freitas Ltda.
ID538811;Natália Teixeira;Caldeira;Goiás;42;+55 (011) 9599-9714;Agrônomo;da Luz Novais S/A
ID547946;Luigi Dias;Leão de Martins;São Paulo;43;(081) 0641-1809;Tecnólogo em jogos digitais;Souza
ID575615;Sr. Lucas Rios;Gomes da Praia;Rondônia;38;51 9767 3289;Coloproctologista;Cardoso Leão S.A.
ID516036;Sr. João Miguel Lima;Cirino de Dias;Goiás;25;(011) 2007-7621;Profissional de cinema;da Cruz e Filhos
ID227760;Pedro Miguel da Costa;Gonçalves de Casa Grande;Paraná;43;(071) 2756-0761;Pedagogo;da Mota S.A.
ID761558;Olivia da Mota;Abreu do Norte;Mato Grosso;36;81 6032-5143;Agrimensor;da Cunha
ID221928;Ayla Camargo;Azevedo do Norte;Mato Grosso do Sul;56;0900-897-7313;Encarregado de manutenção predial;Sousa
ID586026;Srta. Luara Nascimento;da Paz;Goiás;22;0300-749-0460;Marcador de luz;Cavalcante Ltda.
ID307043;Henrique Guerra;Brito;Amazonas;37;+55 51 8967 8868;Atleta de nado sincronizado;Ribeiro Ltda.
ID334386;Dra. Nina da Cruz;Leão da Prata;Bahia;80;51 7360 5096;Tesoureiro;Peixoto S/A
ID710446;Ana Júlia Borges;Teixeira do Galho;Amazonas;72;+55 21 9812 9087;Produtor editorial;Souza
ID398622;Lucca da Cunha;Teixeira;Pará;60;31 0391 5384;Engenheiro aeronáutico;Peixoto Castro - ME
ID616702;Matteo Cunha;Melo;Rio Grande do Sul;37;81 7962-6434;Soldador;Sá
ID644628;Isabella Cavalcante;Aparecida de Fernandes;Pará;75;+55 31 2239 9853;Pneumologista;Brito Garcia - EI
ID805925;Enrico Fogaça;Moraes;Pará;36;+55 51 5621 4255;Diagramador;da Mota
ID325188;Srta. Emilly da Luz;Dias;Pernambuco;39;(084) 9095-6996;Auxiliar de reprografia;Andrade Caldeira - ME
ID720342;Marcelo Martins;Rodrigues;Pará;75;0800-963-1947;Engenheiro de petróleo;Brito e Filhos
ID706245;Luiz Felipe da Conceição;Correia;Santa Catarina;35;21 3538-2638;Torreiro/Torrista;Câmara
ID891108;Luna Rodrigues;Cirino;Minas Gerais;29;+55 (051) 7968-5593;Assistente de câmera;Albuquerque
ID764972;Ryan Cirino;Mendonça de Porto;Pernambuco;68;0300 083 0438;Borracheiro;Montenegro S.A.
ID871884;Olivia Brito;da Rocha Grande;Paraná;39;+55 51 3191 7243;Surfista;Rocha
ID190801;Laís Aragão;Mendes;Rondônia;42;+55 21 7118-5852;Conferente de expedição;Vargas Rezende e Filhos
ID931202;Hadassa Fernandes;Casa Grande de Azevedo;Ceará;68;+55 (061) 4570-2534;Técnico em hardware;Monteiro Machado S.A.
ID305281;Lavínia Marques;Freitas;São Paulo;78;(051) 5513-2939;Revendedor;Duarte
ID939156;Manuella Castro;Ramos de Farias;Espírito Santo;54;(061) 6214 5194;Carpinteiro;Mendonça da Luz - ME
ID815959;Rael Costela;Barbosa da Serra;Rio de Janeiro;44;(041) 5917 5565;Argumentista;Freitas Moraes Ltda.
ID198805;Emanuelly Andrade;Vargas;Sergipe;63;0300 338 2345;Percursionista;Abreu
ID376719;Kevin Rios;Macedo;Goiás;43;21 5044-2783;Penhorista;Araújo
ID638865;Ana Beatriz Leão;Pinto;Paraíba;69;(081) 6076 2778;Podólogo;Sales - EI
ID336076;Bernardo Duarte;Almeida;Paraíba;40;+55 (081) 5499 3282;Auxiliar administrativo;Rocha
ID843281;Dra. Ana Carolina Cassiano;da Costa;Goiás;72;(021) 1236 5602;Produtor editorial;Araújo Sousa e Filhos
ID488081;Maria Sophia Sampaio;das Neves da Prata;Pará;21;41 2835-1022;Operador de bombas;Fernandes
ID720165;Thiago da Cruz;Duarte de Minas;Bahia;35;+55 (031) 0479-6320;Cobrador de ônibus;Dias
ID327624;Sofia da Rosa;da Costa;Alagoas;61;(051) 0817 9986;Corretor da bolsa de valores;Pimenta
ID332560;Isabella Cirino;Rios;Amapá;52;71 8521-5322;Manobrista;Siqueira S/A
ID283226;Isaque da Luz;Lopes da Serra;Maranhão;49;+55 81 3185-5867;Lapidário;Albuquerque
ID646607;Theodoro Ferreira;Viana das Flores;Paraná;38;+55 61 4894-0906;Tatuador;Vargas
ID624689;Catarina Silva;Cirino do Oeste;Rio de Janeiro;63;(061) 9671-8417;Instrumentador cirúrgico;da Paz Fonseca - EI
ID112633;Sra. Bárbara Vargas;Barbosa;Bahia;54;71 5216-9068;Tecnólogo em desenvolvimento social;Carvalho
ID268059;Dr. Luiz Gustavo da Paz;Duarte da Praia;Rio de Janeiro;75;(041) 9338 4293;Meredeira;Machado
ID916949;Lunna Cunha;Campos;Paraná;54;41 1474-6065;Diretor de fotografia;Rodrigues e Filhos
ID361107;Ravi Lucca Marques;Gomes de Minas;Mato Grosso;24;(084) 3821-3191;Estampador de tecidos;Cassiano Pinto - ME
ID752564;Isis Machado;Cavalcanti;Amazonas;40;+55 61 2762-5822;Sexólogo;Moreira
ID281968;Camila Gomes;Siqueira dos Dourados;São Paulo;33;+55 41 2960 4883;Arquivista;Martins
ID619948;Luiz Felipe Sousa;da Luz;Maranhão;77;(041) 7024 4707;Panificador/Padeiro;Moraes Nogueira S.A.
ID949050;Lorenzo Sousa;Dias do Sul;Rio Grande do Sul;31;+55 51 9093 5561;Podólogo;Marques e Filhos
ID640444;Fernanda Azevedo;Leão;Espírito Santo;71;(081) 8355-0249;Entalhador;da Conceição
ID201316;Matteo Sales;Vargas;Rio Grande do Sul;42;+55 (031) 3782-7210;Estivador;Silveira Sá S.A.
ID780503;Cecilia Cavalcanti;Ramos da Serra;Roraima;31;+55 (031) 6941 4984;Manobrista;Rodrigues Ltda.
ID828092;Henrique Correia;Nascimento;Distrito Federal;22;+55 81 7633-4552;Engenheiro civil;Abreu
ID288041;Lorenzo Macedo;Cassiano de Ferreira;Goiás;57;+55 51 0479 0235;Cerimonialista;Cirino Pastor Ltda.
ID657058;Olívia Montenegro;Cardoso;Rondônia;24;(081) 2824 7917;Psicopedagogo;Correia Guerra - ME
ID111279;Sr. Renan Ferreira;Peixoto de Minas;Bahia;64;(031) 1442 8352;Baterista;Novais Ltda.
ID597383;Dra. Manuela Rodrigues;Teixeira;Paraíba;39;+55 81 9885-8738;Traumatologista;Aragão S.A.
ID732999;Sr. Oliver Cardoso;Camargo do Galho;Roraima;33;(081) 1133-9382;Jornalista;Garcia
ID676406;Srta. Maya Cavalcanti;Carvalho;São Paulo;37;41 0355-7860;Agente de defesa sanitária animal;Porto - EI
ID391988;Ana Laura Silveira;Gonçalves da Mata;Alagoas;56;+55 21 9593 6362;Ortoptista;Guerra
ID438283;Dra. Hadassa da Costa;Almeida;Bahia;52;51 4474 1220;Engenheiro de minas;Novaes e Filhos
ID954159;Rodrigo Gomes;Aragão do Galho;Goiás;53;0800 782 2616;Windsurfer;Fernandes
ID752982;Ágatha Pinto;Peixoto Alegre;Tocantins;36;81 4949-6709;Copeiro;Aparecida S.A.
ID922586;Luiza Barbosa;Guerra;Piauí;69;61 8775-5286;Gagsman;Fonseca
ID303343;Davi da Mota;Jesus;Paraíba;42;+55 31 0761-9854;Museólogo;Aragão Mendes S/A
ID622324;Calebe Souza;Andrade;Acre;74;+55 (084) 1643 5638;Assistente de direção;Almeida e Filhos
ID133430;Vinícius Freitas;Cassiano;Amazonas;28;+55 41 9708-3591;Construtor;Porto
ID552780;Yasmin Borges;Lopes dos Dourados;Paraíba;75;+55 31 6141 4040;Gerente de riscos em seguros;Fonseca
ID128791;Ravi Machado;Teixeira do Amparo;Amapá;22;+55 31 0164 2262;Contador;da Costa
ID587802;Maria Sophia Pinto;da Paz;Minas Gerais;58;+55 51 8129 8948;Síndico;Cavalcante
ID836325;Anthony Abreu;Araújo;Rio Grande do Norte;25;+55 84 8032 5883;Cabo;Castro
ID144659;Caio Melo;Rodrigues de Moreira;Paraná;46;31 7547-0856;Levantador de peso;Sales da Rosa Ltda.
ID774488;Dr. Nicolas Barros;Nascimento;Santa Catarina;25;61 4061 8755;Mototaxista;Barbosa
ID749809;Luiz Otávio Castro;da Rocha;Alagoas;46;+55 51 9754 8396;Penhorista;Vargas Garcia - ME
ID397285;Leonardo Cavalcante;Silveira;Sergipe;37;+55 (021) 7490-6639;Servente-de-obras;Ribeiro S.A.
ID601559;Ravi Barbosa;Novaes de Melo;Alagoas;22;81 2098-4146;Repórter;Leão
ID265812;Marcelo Pimenta;Peixoto de Guerra;Sergipe;61;+55 31 5948-1978;Personal trainer;Gomes e Filhos
ID652154;Davi Luiz Sousa;Mendes;Santa Catarina;62;(051) 0889-7478;Cantor;Aragão
ID328916;Larissa Novais;Brito;Minas Gerais;62;+55 (081) 2589-9861;Ortopedista;Campos Vieira S/A
ID963734;Allana Gonçalves;da Costa;Roraima;61;+55 31 8665 5586;Peixeiro;Pimenta
ID934880;Ravi da Rosa;Teixeira;Rio de Janeiro;68;0500 628 9462;Administrador público;Borges
ID837324;Gael Abreu;Peixoto;Acre;46;+55 84 4587 2557;Ecólogo;Araújo
ID369784;Olivia Peixoto;Dias da Mata;Piauí;21;+55 (071) 8064-3544;Produtor de audio visual;Novaes
ID722227;Danilo Vargas;Pimenta Grande;Rio Grande do Sul;67;(081) 4438-6022;Salva-vidas;das Neves Farias S.A.
ID640800;Gustavo Henrique Casa Grande;Novais;Rio Grande do Norte;69;84 4081 4722;Caixa;Santos
ID438679;Laura Viana;Macedo da Praia;Amapá;64;+55 (071) 9109 5253;Auxiliar de serviços gerais;Oliveira
ID966457;Laís Ferreira;Gonçalves;Bahia;24;0500-378-8918;Guarda roupeiro;Novais
ID983139;João Felipe Brito;da Luz;Distrito Federal;68;(051) 2638-7155;Urologista;Casa Grande Guerra S.A.
ID789323;Eduarda Monteiro;Camargo do Norte;Rio Grande do Sul;22;+55 84 4241-9999;Jogador de handebol;Cassiano
ID598006;Dra. Alícia Teixeira;Albuquerque do Amparo;Paraná;74;(051) 0763-3774;Assistente social;Martins
ID859339;Isadora Aragão;Nascimento;Mato Grosso;54;0900-047-5391;Profissional de relações públicas;Correia
ID545132;Olivia das Neves;Vargas;Maranhão;27;+55 51 2736 5912;Porteiro;Aparecida
ID872414;Felipe Costela;Ramos de Goiás;Tocantins;42;21 6476-2555;Lutador de karatê;Porto Campos - EI
ID680827;Bryan Barros;Rios Alegre;Goiás;65;41 3603-8395;Biólogo;da Paz Alves e Filhos
ID702426;Valentina Viana;Silveira;Roraima;32;84 7495-1246;Gagsman;Rezende
ID503146;Luísa Santos;da Paz;Roraima;36;41 1863-1885;Cartazeiro;Cassiano Marques - EI
ID743455;Dra. Cecilia Aragão;Novais;Espírito Santo;66;61 8468-0088;Turismólogo;da Rocha
ID775340;Beatriz da Costa;da Rosa;Minas Gerais;43;+55 (041) 8444 3996;Técnico em taquigrafia;Siqueira
ID947608;Dante Camargo;Cavalcante da Praia;Goiás;72;+55 21 8797 9577;Produtor de eventos;Guerra
ID201411;Zoe Martins;Ramos;Distrito Federal;63;+55 (071) 0143 3276;Tecnólogo em desenvolvimento social;Novaes
ID529960;Benicio Vasconcelos;Pinto das Flores;Goiás;53;84 7560-3941;Educador integrado à saúde pública;Vieira
ID349746;Ian Monteiro;Leão de Marques;Tocantins;29;84 0299 8115;Gestor de recursos humanos;Duarte
ID993275;Ana Beatriz Alves;Jesus de Borges;Amazonas;60;+55 21 9195 3781;Cancerologista ou Oncologista;Farias
ID146623;Melissa Mendes;da Luz;Mato Grosso;65;+55 (011) 0136 7300;Cartazeiro;Freitas
ID347319;Juliana Vasconcelos;Abreu da Praia;Minas Gerais;29;(081) 8288-9441;Engenheiro químico;Cirino
ID753411;Isaque Freitas;Fernandes de Farias;Bahia;33;+55 (031) 8271 1004;Cientista da informação e documentação;Silveira Mendes - EI
ID359448;Augusto Rodrigues;Silveira da Serra;Paraná;80;+55 21 0745 6999;Ferroviário;das Neves Ribeiro - EI
ID283753;Isabelly Teixeira;Camargo;Mato Grosso do Sul;47;(071) 3492 2829;Crítico;da Conceição S.A.
ID466904;Davi Lucca Costela;da Cunha;Bahia;29;+55 71 4734-0895;Médico legista;Pires Fogaça S/A
ID330567;Sra. Milena Barros;Marques Alegre;Distrito Federal;63;11 8191-3612;Restaurador;Cavalcanti
ID656607;Aurora Vasconcelos;Cavalcante;Amapá;63;84 7458 3240;General;Câmara e Filhos
ID415574;Helena Moreira;das Neves;Minas Gerais;58;+55 (051) 2168 8529;Coach;Vasconcelos Abreu e Filhos
ID592247;Dante Cardoso;Araújo do Amparo;Goiás;34;71 4856-7937;Ortodontista;da Mota Mendonça S.A.
ID376726;Lívia Andrade;Jesus;Pernambuco;37;+55 (041) 4502 1372;Perfumista;da Conceição
ID149214;Ana Júlia Oliveira;Guerra Grande;Espírito Santo;55;+55 61 8659 0184;Engenheiro agrícola;Cassiano
ID822861;Heloisa Rocha;Macedo do Norte;Santa Catarina;23;+55 61 1782-3423;Engenheiro de produto ou produção;Novais e Filhos
ID792733;Dr. Léo Machado;Fonseca;Alagoas;39;(031) 4199 2993;Mensageiro;Jesus Ltda.
ID638886;Daniela Souza;Moraes;Mato Grosso do Sul;47;0500-265-3206;Museólogo;Fogaça Marques S.A.
ID112889;Sr. Renan Barbosa;Siqueira de Freitas;Rio de Janeiro;66;31 4636-7844;Escoteiro;Silva Ribeiro Ltda.
ID732675;Leandro Farias;Rodrigues;Rondônia;41;+55 (011) 3207-8189;Engenheiro florestal;Siqueira
ID131811;Srta. Elisa Brito;Camargo;Pernambuco;33;(011) 6251-6029;Engenheiro de telecomunicações;Caldeira S.A.
ID408369;Daniel Abreu;Almeida de Peixoto;Sergipe;52;+55 84 8323 1732;Pedicure;Jesus Albuquerque S/A
ID979631;Davi Lucas da Conceição;Moraes do Oeste;Mato Grosso;36;+55 (061) 1606 7232;Engenheiro aeronáutico;Porto Leão e Filhos
ID142319;Luiz Miguel da Luz;Santos de Rodrigues;Rondônia;63;81 5241-5423;Perfusionista;da Conceição
ID501344;Thomas Borges;Sousa de Andrade;Ceará;21;81 9675 6803;Geofísico;Lima - EI
ID567573;Srta. Melissa Abreu;da Cunha do Oeste;Pará;58;+55 21 0945-0641;Peixeiro;Abreu e Filhos
ID390191;Davi Lucca Silva;da Cruz das Flores;Paraíba;75;71 5323-2968;Engraxate;Ribeiro
ID727441;Vicente Pimenta;Oliveira do Sul;Rio Grande do Norte;37;0900 891 6373;Epidemiólogo;Lima Sales - ME
ID865485;Gabrielly Silva;Correia;Maranhão;75;(021) 3784-2102;Taifeiro;da Luz Santos Ltda.
ID565657;Luan Nunes;Melo;Pernambuco;70;+55 (021) 2578 9556;Coronel;Aparecida
ID222095;Clara Abreu;Costela de Duarte;Mato Grosso do Sul;66;+55 (081) 9719-9263;Degustador;Almeida
ID371342;Gabrielly Peixoto;Pinto;Piauí;45;(071) 9863-3070;Terapeuta Holístico;Porto
ID693474;Sra. Eduarda Sousa;Pinto dos Dourados;Rio de Janeiro;34;11 4356-3161;Gastroenterologista;Peixoto S/A
ID338348;Bárbara Ferreira;Andrade;Pará;35;+55 (031) 1544-4938;Panificador/Padeiro;Borges
ID194813;João Gabriel Leão;Novais;Rio Grande do Norte;67;+55 (081) 4816-8121;Transportador;Martins da Cunha - ME
ID469389;Ana Sophia da Cunha;Borges do Oeste;Rondônia;76;+55 (061) 3128 7590;Fonoaudiólogo;Alves Ribeiro - EI
ID646316;Davi Luiz das Neves;Moura;Mato Grosso;69;+55 71 3999 8786;Geólogo;Mendes S/A
ID914714;Sra. Luiza Fogaça;Moraes;Rondônia;74;71 4257 1263;Sushiman;Dias
ID344616;Dra. Yasmin Pimenta;Fonseca;Rio de Janeiro;34;+55 84 3449-3374;Taxista;Ramos Alves Ltda.
ID993267;Luna Alves;Viana de Goiás;Bahia;21;(071) 0030 3788;Mototaxista;da Conceição
ID517665;Luara Alves;da Cunha das Flores;São Paulo;50;31 7261-8679;Panificador/Padeiro;Pacheco
ID929901;Enzo Gomes;Melo de Carvalho;Alagoas;62;(071) 6415-1366;Nefrologista;Sousa
ID551294;Luiza Castro;Carvalho das Pedras;Rondônia;52;21 4933-1502;Vigia parlamentar;Caldeira - EI
ID364222;Fernanda Vasconcelos;Sampaio das Flores;Santa Catarina;33;81 8725 2014;Bibliotecário;Siqueira da Mota Ltda.
ID271141;Vinícius Moreira;Oliveira;Roraima;56;0500 256 9076;Astronauta;Macedo Vieira S.A.
ID988873;Dra. Sophie da Rosa;Cavalcante;Mato Grosso;45;(021) 8432-4949;Dançarino;Pimenta
ID256437;Sra. Liz da Costa;Lima;Pará;61;+55 (081) 5630-4321;Empregado doméstico;Farias S.A.
ID651784;Manuela Rezende;Souza;Amapá;25;84 3478 2425;Meeiro;Jesus da Costa - ME
ID458416;Joaquim Nunes;da Paz;Espírito Santo;42;+55 11 3563 3216;Síndico;Cunha - ME
ID953671;Lara da Rocha;Costa de Barros;Paraná;21;+55 21 7275 0370;Datilógrafo;Câmara
ID356951;Nicole Vasconcelos;Ferreira;Paraíba;25;+55 61 3499-2533;Oftalmologista;Correia e Filhos
ID336211;Guilherme Barros;Castro;Paraíba;23;0500 215 4231;Técnico em tratamento de água;Fogaça - ME
ID279339;Henrique Nogueira;Costa;Roraima;30;+55 (031) 0844 4030;Geógrafo;Correia Vasconcelos S/A
ID480531;Mariane da Luz;Carvalho;Pará;40;21 2082-9550;Tecnólogo em negócios imobiliários;Pires
ID357605;Sra. Maitê Novaes;Vargas das Pedras;Rio Grande do Norte;64;+55 61 7316-4514;Delegado;Sampaio Ltda.
ID857947;Ana Carolina da Costa;Mendes;Goiás;23;(061) 7176 6627;Designer de jóia;Nunes
ID864414;Maria Flor Vieira;Pastor;Santa Catarina;60;61 3679 9672;Engenheiro agrônomo;Silva
ID769429;Manuela Sampaio;Oliveira das Pedras;Bahia;51;(081) 2267 5116;Papiloscopista;Nogueira
ID811273;Maria Vitória Borges;Carvalho;Acre;80;0500-277-0034;Sonoplasta;Dias
ID614248;João Cavalcante;Borges de Minas;Pernambuco;35;61 9511-2757;Lactarista hospitalar;Silva
ID997229;Dr. Isaac Costa;Costa Verde;Roraima;38;0900-423-2422;Locutor;Novais
ID284764;Arthur Gabriel da Rosa;Sousa;Rio Grande do Norte;41;+55 31 7928 9867;Peixeiro;Costa S.A.
ID551070;Fernanda Gomes;Novais;Piauí;52;(084) 8943-2065;Costureira;Nascimento Sousa Ltda.
ID765897;Agatha Porto;Camargo;Sergipe;33;+55 21 8363 4062;Técnico de som;da Rocha
ID774214;Marcela Pereira;Pacheco;Minas Gerais;51;0800-965-4373;Promotor de vendas;Macedo
ID978326;Sr. Joaquim Monteiro;Souza;Rondônia;46;+55 51 4675 5828;Harpista;Correia
ID555399;Ana Vitória Pereira;Oliveira da Prata;Acre;79;+55 61 8346 3235;Panificador/Padeiro;Azevedo
ID714936;João Gabriel Rodrigues;Macedo;Goiás;66;+55 (031) 5808 4765;Gestor ambiental;Novais Duarte S/A
ID401090;Mariah Vieira;Campos;Santa Catarina;51;+55 11 5026-5802;Assessor de imprensa;Garcia
ID155417;Dr. Erick Barros;da Mota Grande;Espírito Santo;57;(081) 5669-3675;Museólogo;Viana
ID575514;Davi Miguel Gonçalves;Pires;Alagoas;76;+55 31 2144 3513;Bedel;Santos
ID906976;Clarice Nogueira;Brito;Espírito Santo;31;+55 (031) 8027 1682;Tecnólogo em produção de bebidas;Siqueira
ID601249;Sra. Elisa Fernandes;Lopes;Pernambuco;39;+55 84 8198-5986;Dogueiro;da Rosa S/A
ID781523;Miguel da Mota;Moreira;Pernambuco;20;+55 11 2398-3082;Secretária;Abreu
ID240999;Luiz Felipe Costela;Cavalcanti;Paraíba;68;+55 41 7140-0147;Cadeirinha;Peixoto S/A
ID624240;Pietra Cirino;da Costa do Amparo;Acre;41;+55 (041) 3207-4520;Salgadeira;Sales e Filhos
ID147843;Luan Barbosa;das Neves;Rio Grande do Norte;64;51 3597 7167;Degustador;Santos
ID645301;Bella Vieira;Teixeira;Maranhão;21;+55 11 6885 6518;Peixeiro;da Costa Ribeiro Ltda.
ID742111;Antony Freitas;Porto;Distrito Federal;24;+55 11 6353-1295;Copeiro;Guerra - ME
ID516383;Yan Pastor;Cavalcanti das Pedras;Pernambuco;39;+55 (084) 1323-5707;Patologista oral;Novaes
ID766312;Bella Melo;Jesus Paulista;Rio Grande do Norte;54;+55 31 9552 7567;Jogador de golfe;Guerra
ID175844;Erick da Rosa;Azevedo;Espírito Santo;52;+55 (071) 4635-5556;Geofísico;Barbosa
ID796851;Heitor Dias;Porto;Rio Grande do Norte;34;31 0843 8013;Faturista;Andrade
ID969151;Isis Peixoto;Ramos do Oeste;Rio Grande do Sul;52;31 2120 9792;Odontologista estético;Vasconcelos Barros S/A
ID476032;Thales Costa;da Cruz de Jesus;Roraima;66;+55 61 8188 9967;Capitão;Monteiro
ID693721;Rebeca Pastor;Aragão;Pará;71;(061) 2514-5626;Violonista;Fonseca Mendes S.A.
ID315558;Ana Liz Fonseca;Cunha;Amapá;36;(081) 9005 6749;Maquinista;Fernandes Duarte - EI
ID449672;Eloá Marques;Pacheco Grande;Roraima;44;+55 (071) 1886-9971;Epidemiólogo;Novaes Pires S.A.
ID332318;Dr. Luigi Casa Grande;Fonseca de Albuquerque;Mato Grosso do Sul;33;+55 (041) 2485 8766;Policial federal;Azevedo Marques e Filhos
ID368959;Rebeca Pacheco;Cirino do Galho;Mato Grosso;27;11 8648-7252;Headhunter;Moura Nascimento S/A
ID685226;Caroline Camargo;Peixoto da Praia;Bahia;41;(021) 3476 8924;Controller;Araújo
ID796264;Sr. Theo Carvalho;da Rocha;Santa Catarina;50;+55 (051) 2157 3622;Procurador de justiça;Monteiro
ID515346;Dr. Lucas Gabriel Peixoto;Borges do Sul;Maranhão;24;+55 81 5031 5664;Artesão;Montenegro Gomes S/A
ID307531;Milena Mendes;Machado das Flores;Maranhão;24;+55 61 0440-0038;Cumim;Cardoso - ME
ID329692;Felipe Rodrigues;Azevedo da Serra;Roraima;29;0800 858 3497;Pastilheiro;Câmara
ID839551;Mariah Macedo;Fogaça;Pará;27;(041) 2857 7496;Lutador de luta livre;Sales - EI
ID463928;Ana Liz Porto;Cunha;Amazonas;26;+55 51 8838 9462;Policial militar;Azevedo
ID418735;Maria Alice Farias;Abreu;Sergipe;35;(084) 6623-0196;Obstetra;Santos - ME
ID320073;Dante Cavalcanti;Viana do Oeste;Rondônia;59;(021) 0570-1574;Conferente de recebimento;Camargo
ID319289;Sr. Henrique Pacheco;Correia de Ramos;Minas Gerais;29;51 0195 8264;Peixeiro;Rocha
ID491424;João Nascimento;Garcia de Pires;Alagoas;58;+55 11 7553 8531;Profissional de informática;da Luz Garcia S/A
ID858646;Dr. Igor Ribeiro;Rocha;Goiás;67;0800 928 2400;Operador de bombas;Barros Leão S/A
ID150237;Antônio Almeida;Macedo;Amazonas;68;+55 (081) 4389-3987;Moldador;Cardoso e Filhos
ID459774;Luísa da Rosa;Aragão;Amazonas;51;+55 (061) 8635 4606;Montador;da Conceição
ID532992;Bryan Barbosa;Barbosa do Oeste;Acre;61;+55 (061) 2157 3545;Ginasta rítmica;Silva Mendonça e Filhos
ID750069;Ana Beatriz Nogueira;Rocha de Minas;Bahia;41;+55 31 9357-3968;Lutador de luta livre;Porto
ID390215;Luigi Fonseca;da Paz;Maranhão;71;+55 (021) 7218 3759;Bartender;Nunes
ID448639;Bryan Guerra;Nogueira;Distrito Federal;25;+55 21 0744 7918;Cirurgião bucal;Silva
ID149156;Brenda Barbosa;Machado do Amparo;Rio Grande do Norte;75;+55 71 3071-2215;Ceramista;Albuquerque S/A
ID593693;Josué Cardoso;Vargas dos Dourados;Tocantins;28;81 4628 4357;Patologista oral;Borges - EI
ID760015;Heloísa Martins;Carvalho do Oeste;Espírito Santo;34;(031) 5823-4073;Endodontista;Câmara
ID976587;Luiz Felipe Montenegro;Rodrigues de Teixeira;Mato Grosso do Sul;45;(051) 7300 4749;DJ;Lopes
ID778199;Matteo Sousa;Martins;Minas Gerais;28;+55 (011) 3042-5949;Paramédico;Oliveira Machado - ME
ID732659;Sr. Davi Miguel Pereira;Nascimento;Ceará;26;61 3938-5031;Vereador;Martins Ferreira e Filhos
ID721419;Davi Luiz Cavalcanti;da Conceição de Farias;Pará;20;0900 080 7822;Jornaleiro;da Costa
ID671177;Maysa Novaes;Caldeira de Novais;Mato Grosso do Sul;46;(011) 1515-5364;Açougueiro;Novais
ID931983;Alexia Macedo;Casa Grande;Alagoas;27;(071) 4028-8113;Fresador;Rezende S.A.
ID814472;Srta. Maria Luiza Cavalcante;Teixeira;Amapá;74;0900-568-7075;Tosador;Abreu
ID612019;Renan Moraes;Carvalho;Espírito Santo;38;+55 (021) 1755 2879;Ator;Lima Mendes S.A.
ID291860;Apollo Souza;Silva;Acre;60;+55 81 6107-9277;Jogador de futebol;Andrade Moraes - ME
ID667733;João Lucas Andrade;da Rosa das Flores;Distrito Federal;74;+55 (021) 6167-8073;Penhorista;da Cunha
ID175698;Mirella Nogueira;Silveira da Praia;Espírito Santo;63;(071) 0700 4958;Caixa;Cardoso
ID744397;Emanuel Silva;Cavalcanti;Maranhão;62;81 5029-3968;Restaurador;Vasconcelos Silva - EI
ID933288;Benício Duarte;Pastor de Correia;Acre;79;(031) 0634 0960;Figurante;da Mata Martins S/A
ID596914;Antonella Caldeira;Casa Grande do Sul;Bahia;25;+55 (021) 7607-5891;Tecnólogo em negócios imobiliários;Aparecida Peixoto e Filhos
ID803346;Sr. Benjamin Dias;Dias da Prata;Amapá;76;0800 938 5169;Agente comunitário de saúde;Correia
ID421060;Giovanna Pinto;Aragão de da Conceição;Piauí;48;0800 548 6034;Sacoleira;Moura
ID729013;Juan da Costa;Nogueira de da Mota;Rondônia;55;84 3093-1414;Aeronauta;Vasconcelos
ID235991;José Miguel Cavalcanti;Rios de Moraes;Alagoas;73;+55 (031) 5554-7611;Profissional de hotelaria;Fogaça
ID421550;Zoe Dias;Silveira da Prata;Rio Grande do Norte;67;(041) 7846 2662;Técnico em óptica;da Luz
ID659878;Eduardo Brito;Cardoso de Jesus;Paraíba;27;(041) 7725-4897;Papiloscopista;da Rocha Azevedo S.A.
ID511702;Zoe Abreu;Castro;Alagoas;41;+55 (071) 7912 9364;Engenheiro de minas;Albuquerque - ME
ID471517;Ana Liz Pacheco;Correia;Ceará;72;+55 31 3155-7924;Flautista;Sales
ID627486;Calebe Correia;Lopes;Amazonas;68;(011) 2716-8150;Pintor;Nunes
ID177427;Lavínia Teixeira;Fonseca Verde;Ceará;20;(081) 0412-2666;Assistente de direção;Nogueira Farias S/A
ID406387;Srta. Maria Isis da Costa;Jesus;Roraima;79;+55 (021) 2882-7393;Árbitro e mediador;Garcia Sá - EI
ID895007;Dr. Thiago Rezende;da Cruz;Alagoas;57;(041) 7194-3480;Costureira;Albuquerque
ID684596;Zoe da Conceição;Guerra de Rios;Santa Catarina;21;+55 (061) 1299 2411;Leiloeiro;Fernandes Cavalcanti Ltda.
ID454889;Eduardo Silva;Pires;Rio Grande do Sul;38;71 0027-1324;Telegrafista;das Neves
ID391423;Paulo Novaes;Barros;Rio Grande do Norte;58;0900 352 2361;Camelô;Nogueira
ID763793;Henry Camargo;Nunes da Mata;Sergipe;49;0900 600 7271;Violonista;Novaes - EI
ID603224;Heitor Rocha;Borges;Rio Grande do Norte;66;+55 (071) 2057 4644;Técnico em edificações;Moraes Carvalho S/A
ID832934;Dr. Pedro Henrique da Rosa;Pimenta;Ceará;69;31 7445 9594;Engenheiro mecânico;Farias
